user_id,op_id,game_result
Nonsilentgamer,MB2MB,1
durniukas1967,cims,1
Ulf_de_wolf,MSe1,-1
MikeByte,Leszqq,1
krushidozho,nachtschattenlaeufer,1
karam980,BKD_03,-1
edwin2023,jcrobles,1
randomusername9,beh-nam,1
mohsam112,Pomarolaio,-1
alireza-ranjbar,Burnite36,-1
egenedy97,Chrisproking,-1
ChessPlayer2134,Attila-72,-1
aw123aw,Mukii2020,-1
MURODILLA2001,Shidran123,-1
Vladmira,Kasuya0Kiyotaka,1
shriyakokkonda,niteshluce,-1
xiaqiqi,yarenben,1
mateowaza2813,,401
AHLOKE,,401
namkhoanbbl,Vigen_Rshtuni,-1
Comtois,alexia2587,-1
WolffA24,CDUMMY1,1
SUSANK9,JaapJesse,-1
pavlos2,andirin,-1
VladimirBuev,badbadnotgood2,-1
Anvar-1963mir,DrChessWin,1
noga_2016,TimOstapenko,-1
ullesweet,co-lin,1
Cch28,Mau12301,-1
Anvarito88,Black_16,-1
omranlovesme,vmostransistor,-1
Mark_Levitin,evaristom,1
NafsSays,Yuehdddhjcjddp,-1
Reubenferns07,JeremTh,-1
torrentgirl,White_lyt,-1
kingsgambit8,PlatonChess18,1
victormatrix1983,Genvisha,1
AMRULLAH_CKT,,401
rigby002,,401
shivakshi31,Kevleen,1
ashhu59,sagarjaink,-1
von-blutcher,Thalamas,-1
shaltaiboltai1,Szafurski,1
siwalej,JD2024,1
ilicm,Burrisvyviibu,-1
PinkPawn2013,CheckMete,-1
DirecToramk,Nschuen,-1
nurdjani,Zancre5,1
Alberto_1234_Ugarte,mergaly,1
Zeddex,RG1910,1
PHANTOM13,operatorerror,-1
ps75757,Sunisi,1
Mr_Not_So_Great,RichardMat,-1
carlsen31carlsen,radisanz2001,-1
spidergirl,,401
Fstyoun2,,401
nixurtes,nickname_nickname,1
TheBuckle,omergursoy,-1
SLEFLEUR,Annoymous,-1
Winner3077,MataMaster,1
IronMan_Mark85,RussiaAlexander,-1
MarcoCid2000,emadabdbary,1
Piyush8746,chesswin111,-1
Sunjey,icah,-1
Prithwitosh,tuuuur,1
imran_mughal2022,Nasir-Meo,1
dturkar,HR72,-1
Jder12,robbe25,1
Thevivek11,emcconnell,-1
DaRKNickYbLUE,ivasenko,-1
eduuduran6,AVAVAVA,-1
UAhmad_05,mcore1,-1
ElDylan,porkmeat,-1
FK_Philipp,Granjera,-1
pouriya72,lordfeo,1
Jimenalhv,Skulboy,1
CB_XYZ,TheLord17,1
Zubeyiryokus,TITO10,1
nomadexpert,the_krish,1
Corine-sohna,Manox87,-1
Madhu_Gogoi12,Jamboneee,0
JonnPaparipa,sxof,1
Ehab_Gaber,Ever18,-1
olo21,emrahgkbru-3434,-1
CirujaGourmet,yulia545775,1
Ivette_08,ManuAsterion,-1
eminentia,RBS_CHF,-1
KonKva,BaisilSan,-1
aaravdashh,meranachess,-1
ponch4k,mjadidi,-1
Pioruk,Roland_Deschain,1
Queenstate,Xeneize92,-1
GrishaGol1,Rudolfimagaria,-1
EmperorJugo,chaly6_66-6,0
VaMpO,Procyon9,-1
Lezin_Semen,Miro_rakic,-1
Carloscelta,Philidor_Roraima,1
IamDissappeared,aditivasudeva,1
rodolfinchiquitin,Maggtfuito6potpo9v6,1
madibi,pragni,1
IVI0narch,Cumera,-1
blitzonelove,jesselroy99,-1
Platon0305,Pablofr2016,-1
skoulas,Schachspieler32,-1
Trololol50,sasama,-1
dazco,lrawy88,1
Tondano,aquioattack,1
gumanitarij,AdmGeneralAladeen,1
jeremia29,KingsIndianKing,1
Hawkeyewrx,krawos,1
BekzatOry,psico2024,1
Slava19945,Djvaldi,-1
SHIBAINU19373hj,Bogdanmurzin,-1
nrassullo17,RaslGal,1
Graythevanity,Theloweloguy24,-1
radwanemad,ISIDOROBAENA,-1
edvg,boogie_britches,1
Kampu,Stepashka229,1
AadiDev2023,jackyjack27,1
Gabo2593,ezalyalov,-1
Renat1997,Vicious2312,1
JPDF11,marcialbc,-1
mariuszae,abdelli,-1
sergey1_1,Veteran_00,-1
immotivated,akbarzadeh1341,0
Xenexnotfound,ackerman_adi07,-1
AnthonyMbrp,indigenousman,-1
fun4me,IvanMimica,-1
KJaashWin,sharrwenesh,0
padede,julienget,-1
ThevniK,KillerQveen,-1
Check_Mater03,najdat5555557,1
fanofoxxxymiron,sigmabahamoment,-1
Steen_24,johngamer,-1
basing72,Ajesh225,1
persiangulf4ever,Giovanni1945,1
knightyrook19,UrmelBoy,1
vikashsah,echodaisy,1
rakeshlimbu,Rasul_mate,-1
Chiche_L,devaj,-1
Franta_p,jiteshkhemchandani,1
tungnguyen2016,Nowchak,-1
REEUQ,abc31415926535,-1
casperghost,JaneCab,-1
khamse57,ashwinikumar27,1
civciv42,lowerBound3,1
Krokroa,bizarre554,-1
Amateur1446,Abokhamed,-1
Best-Neighbour,alessandrousai,-1
Patryk-G,volker99,1
Ecclesia_club,IdealSheaf,1
AbhinavGarg2313114,DanielCuencaV,-1
WDan07,Pakrovejas69,-1
knarf33,RafaelVinceSu,-1
ChessGospel,nathanielaustin90,-1
PUNISHER_78,fahadsimon4862,-1
mirandasavio,permana_KCI,1
erenavsar1,Sn1perK,-1
ego590,KubgeSevol,0
Rokon02,Jamesbourne,-1
Cmilthon3nriqu3,strom011,1
Cheesemate34,NikolayIgorich,-1
ojavier16,edisondamanik,-1
Oshan-I,midox_x,-1
MvHunter008,msydyka,0
khootech,andreysadikov,-1
Mookeroo,Zoro34,-1
Vicente59,AshtangaRobbie,-1
Gorbunov_2012,ZhabskiyStas,1
Dhruvjaju,Imperial_go,-1
serge1968-1980,balondeoro2024,0
ArnavMaurya,Ammagus,1
pratyushkumarmgm,Kasperbobr,-1
Ganvisaju,savadkp,-1
agg144,old_grandfather,-1
rajeh74,Murheg9999,-1
VardanLevonyan,Kongora,-1
methreepo,arkmcom,-1
XadrezDoTCE,CAP1ST,1
Simu49,Robi123456788,-1
imei9,Notrealgavi74,-1
championknight001,Tucho85,-1
NikitaChempion,xxsergejxx,-1
Brayola,riebisl,1
Fohlen1900,Umuratkali,-1
PavelStruk82,SKUNG,1
king_chess_2,MarlonValde,-1
IdeafixS,tretyacov-59evgeni,-1
MatejDlugos2013,MisterKLI,1
KrOOOt459,Sasha67,1
Cat_Chess_7,M_Asd,1
CesarAugust77,FNajdorf,-1
Zoltankovacs,Maximum1969,0
zish0106,Dassie,-1
Spitzmaher,rushkeldon,1
CheeeeseMan,AmbitiousApathy,-1
aahil_haq,Y-Stanichess,-1
Ersin_k,yperion1,1
zts1976,wankhade1788553,-1
jeronimestre,PaffLeonoz,-1
Ayeshu,ford_zephyr,-1
Shamil1981,Ayo7,1
atishaycnova,Lakmalchess123,-1
Bobj88,Babakoto1971,-1
Alexkhinine,kronosx91,1
Elritorno,Linara100,-1
iandmcelroy,arva10,1
HIGHJUMPER65,Taylqr,-1
Bulgin,johnsalchichon30cm,0
Deepak7me,playnow22,1
Kartikay123,jek65,0
FreddyOne,shahriarkm,-1
smihir6,,401
Dima5120,,401
hKurt35-5,straticulty,-1
hainam1212,avantika_07,1
LuisOsnayo_UNAP,Hulk1983,-1
Chemtails,Busrabatur,1
Forza_Chess_897,,401
Charith2010,,401
Yegonator,Pro199,1
Drafter54,vimol,1
antu_S,Sirenar,-1
kuhan2015,BernsUnicon,-1
ABU-TALHA,centrx,-1
PatserFasul,pankshail,-1
Igorij137,Wael56,1
jayjoshi9676,Roma_Astra_900,-1
dkdkds,voganesyan,-1
BartekGHG,Olexandr_Verbitskyi,-1
IRSID1976,Franciovios,0
SADEGH01,Lucsx,-1
Ivannaumo,ZionKnight,-1
dragondany,farchesszin,1
Timomichelin,Elixir_de_Elysium,1
Raymond_87,Zamazamacheck,-1
valmur2323,Cirov,-1
Gofman_geviksman,mlplider,-1
Pamas9,Flasgordon,1
yasingeiming,tlgkbb,-1
IvanOrlov6,NPXO,-1
XXXX9999,bondlegolas,1
Baruch49,frankrafchess,1
nextwhat,Nadin2025,1
khanh_huu,kratos82,-1
KRISHANU-69,BiG_xAm,1
said_tooba,kalvinsura,-1
capivaraclasseC,paranami,1
DM1978,ddas16,0
energosvo,isawrooka4,-1
MarkGnes,Gelo_MCGCC,-1
DenisAhtyrskij,alfanine,-1
MSV1,Zlata02,1
Doibj,hayek69,-1
VincedeTT,Bulzebub,-1
Gunna228,,401
Hamzaoy,,401
Mauridestroyer,Capa1919,-1
Good_luck1,Asilbek_Rustamov,-1
IDontKnowHowToPlay42,Schackproffsikalmar,-1
slimmuffin,sardar119,-1
sumit_b6,lovesosa300x2,-1
Anti_statusquo,,401
Kingdaniel23,,401
sergeimuliar,Ronak75,-1
mazen188,Xam1988,1
ExtraToni,SEUMAS,1
aslangs01,utyyf,-1
ponpen,policeman7,-1
ksak1293,CzarnyPan420,-1
Raphael_Yu,RaZHaree,1
TimJanKnows,Alexander823,1
clubcousino,Roxman20,1
the_eska47,kaktus88,1
vvvvv_desikeych,Elmir013,0
Sarminskiy,scheuMann,-1
WakeyEmpire,leahgaming,1
Fixlipp,ArthurLoa,1
hithin_deety,eyuploman,-1
aans,Mzy2020,1
MTonsy97,mite_dimov,1
fandbwelch,esvictor,1
the_knife,Nisko1234,1
AntonSH0404,Ennochka,-1
NeZnayKakNazvat,Malaga67,1
Zvez,Ivan_bodrov,1
rudrakdhruv,daYiMukwemba2,-1
S7MASTERS,AyaanAzeem,-1
atharvagrawal,GaFa8,1
Sumisiek,DrTomaszJudym,-1
elOsoYogi,Base_Marambio_2025,-1
chessplayer9030,Suddyga,-1
samfuenf,algomelon,1
Jo_V,,401
a4a5d4d5,,401
Promethean55,Stephen93,-1
mirhasan0110,koehlo13,1
mehehe,chrisotter,1
Nisthur,hhhasan,-1
Tolllk,diingthiong51,-1
Jekan220,mwschmidt75,-1
kakao2582,aneela_hashmi,0
ahmedragab2024,moazahmed2014,1
Ronaldo_58,MZigo,-1
bahaov,pennerswag,1
DDTMK,DexterMorgan7,1
PAWN_STAR_2013,NITIKA_DABI_73,1
metiomai,yassinmnissi,-1
deepak1870,aarohan1234,-1
Iopsi,jainesh123,1
purplenga,Zapatalegrand,-1
S-I-R_DAdDy-35,jobachess,-1
VOIODYMYR,kalouche,-1
Grully,M-sib54,1
mrpakniyat,TigerSiberian69,1
mukul007,CrescentBBS,-1
Unduhen,rogers10,-1
FajnaFoka,rogerbr,-1
daBALYAN8,jb07boom,1
Denis_Shpak,halilasm,-1
SarkarRajAS,w2w2w2w2,1
Se7enSins,jukkat,1
Vanca93,,401
matomic,,401
SoulOfAnHerbivore,,401
DauntlessChess,,401
Giordani,DrAlgernop,-1
bekan,Zaur1999A,1
Adrenalineni,Ako0o0n,1
bisinggama,Urhic,1
pro_atharav6,abhash1207,1
Aravindhrk,,401
maling444,,401
CooperP20,AmazingAashrithX,1
Psytrance2,sjakmatt,-1
L1stZsz_9,Diablo9000,1
strave32,michalskimarcin,1
Darkcake81,canson15,-1
Vasyoker,Zavi77,-1
xGhxst,a11181514,-1
biroa2,Frederico87,-1
MEX_99,TabdulazizT,0
KarlNapf,yazeed_ki,-1
SantiagoXD18,strnccfe,1
rafallbn1981,msk260742,-1
mohamadali4141,serhatsenel,-1
Sboopy,Cakinhasanali64,-1
lSil2ntl,litaylor,-1
Nomerindo,adamik57,1
Miroslav_2015,SAMKUL_5749,1
AnceV,AliseV,1
wapple,chappie1997,1
NoamAterDatz-22,Maxximiro,-1
OXY6EN,Surpresa1975,1
Dr_thunderfire,davidovich_vitaliy,-1
Abdosallam,Kasmot23,1
BeatComber08,vladnik7,1
hussain-ishaq,sievicz,-1
ibrahimov882,Masa77,-1
hamzatabanja,HumptyJackalope,-1
cremant5,SamBott67,1
HD365,Piraveen_20-14,1
Montezuma24,srekjr,1
eibbor,TISPACCO1753,-1
StefanDorin,emi_85,1
manuel2410,kerimkaraman,-1
soytuamigoroberto,,401
Yawi1000,,401
Alex29052018,condor71,-1
DanimalCracker,kov1304,-1
abdalsla,timochak013,-1
BadInfluence96,chs4,-1
equinoxe1818,vkathiresh,1
pEKinEs08,V_vs,1
Basti_Fantasti,y__puhan-2009,1
iamhereforyoubaby,jefflarkin,1
AZLO_1,Txuskito,1
mdaCP,Sergej-78,-1
JesusOC,Mowil,-1
Walsur,Aol_winner,1
Faith_Duhat,Vera2709,-1
ali1626,Klapperzahn,1
mohammadsamni,Dimas_000,-1
Ch_KorkurT,forkmast,-1
itzz_fazl,igormsp,-1
yxkoh,Roso-Roso,0
canata345791,estevaadrian,-1
mhdradi,cfc1905,1
xba369555,Edularra,1
Bolikov_Aleksandr,ahmetulusoyy,-1
Aisuran,One_of_many,-1
baguioasafriend,philip_simon_din,1
TutankamonXXX,edisontorre,1
OncleSi,,401
Nunofurbizniz,,401
KhabirKhan,caltaruts1985,-1
blackjakson,ebrahim_hoseyni,0
palasara,pessimism7904,1
chosenegwim,TekkenJam,1
chessizkool,ugomiller,1
spiderlily8,Dirk_H,1
abhi_ab,Ztromboli,-1
mohammed_kobesi,Hussein20030,1
ChessBishop456,NADHANN,-1
JesusQuispe,ikoime,-1
TomRipple,Alihan50,-1
Igor_and_Shishikin,Ranuzagawa,1
Polynaikes,Anneo,-1
Tandar_best,Aleksandra032,1
silvio1975,Nico_3,1
macaque_i,hamacampos2021,-1
LaFuria,Aguprin,-1
ArsalaLev,Freyerf,-1
ILda50,i_am_frenzy,1
Frogandtoadrfriends,almostunique,-1
StaniclavGol,Luka_mudishev-073,-1
Rigel806,PounrajR,-1
Elik62,Rakesh857,-1
void8,sundog_111,-1
Opossum_Yo,Dvk2002,-1
Therooklift,ata1400,-1
SABBEugeneX,MS1745,-1
Massimissa50,caphornchess,-1
Okky_LCKB,boekanmaster_bts207,-1
David3006miu,Pstv87,-1
parimah_93,MaxSha,-1
Saher_Alheraki16,Dragonchicha,1
Cheens,AA994061973,1
Dinurisp,DLchessMaster123,0
erctal,zev765,1
Mohammedalwazzan,shahezadkhan,-1
juankasfma,BobEsponja-27,1
cartergchess,Luettmannp,-1
Jason_royyyyyy,Dmitry270882,-1
tester72,,401
ismaelmartinez,,401
helloworld33,,401
AidarGasanov,,401
StoneWolf1992,Noelt1977,-1
racnela_br,Holmene,1
billyidolguitar,Yo555,1
GeneralIro,Camentaa,-1
AReallyColdMatty,tizdayen,-1
Black_Rider_841994,aymanchess2011,0
tusharkanojia23,shankervanti,-1
Yezhovskiy,mtashev,1
MightyPotter,Karem_mahmoud2024,-1
angry-grandma,Feri84,-1
lj17_Zolee21,Chri0,1
These_men_are_pawns,GianCarlo79,1
Khez11,albokato,-1
jindsama,ViceGrips,-1
race73,JeanMarcel1990,-1
SHERLOCKEDDDDD,hanianianiani,1
katakuri4life,Shivamwwf,1
peoncaballorey,SALMIn01,-1
rahman13600,ferufo,0
Jasper_0212,Arnavprochessplayer,-1
Ganpy,krithikp,1
Maximfm,nandronikidis,1
koalamouse,Yvonne68,-1
TorresEnSeptima,CoyoteMeister,-1
Migo5703,Putin-Team666,1
barthebarbarian,FatherOfChessGenius,1
titech,savanora,1
DrGregoryHousee,Crazy_damage,1
WhooopsMyBad,Abdullaev1988,1
WB2019,MaxiW2006,0
FrancescoCampo,justbilly,0
Wight-King,LeBandit,1
AnandRex,sadabhau,-1
kaldkdss,mamimetin07,1
duongchimto,Nice_18,-1
neonclouds,Tzoltic72,1
Quvonchbek_7,,401
Fertizis,,401
spartacusmills,Vilgot1,1
jakubkondratiuksp33,st7105,1
lhoelhahaha,GauravSharma_18,-1
lends,MAP16,-1
muhhuzarin2001,ingloriousdaedalist,-1
Alberto50,SMH69ER,-1
BessonovYuriy,joshirahul123,1
steveharmon,Transparently,-1
ramitapio,Pieshka1964,-1
Ozone1,zzmoore,1
JMackenzie,pipavoadora,-1
speedrun63,jasapurba,1
Goldstrid3r,l_o_h,-1
koopa41,akiba66,1
masteralhan,HommeManly,-1
kuzeytatlidil,RajaBasak786,1
DARKPRINCE24245521,Falekine,-1
Rioja47,Raconix,1
Lasnico21,stock_FISHE_lVl_8,1
Linda_66,harryath,-1
da_na,ismael_2106,1
Berkay_Akova_10_9,knighted-srini,-1
ChessOpening14,tonyuquq,-1
Coolansh,aakarshsheth007,-1
Mark11081492,ShAsHaVa,-1
Ctvty,HakimovRH,1
pvpdeajedrezjijij,AE42,1
zSBERz,JazzmanSilver,-1
antonsgau,Gennadiy1958,-1
Chernikov-Miroslav,igumnov1,-1
Lelouch008,Morphy90,-1
EKHdoyle,Petrushka63,-1
Raimon_campeon,bobbystruk,0
StoBodaKatja,,401
Makar_IB,,401
CoronationJr,alibabaa2,-1
philly0505,SRlchess1205,-1
Lyjlyj,Nati-chess,1
PRISaaMKE,SKabra,-1
Vf2805,justengr,1
Cinzia,haygiya,-1
Anatolii1966,Nikolaybp1,-1
bharadwajj1729_v4,,401
wholelottaleverage,,401
eruhan,korji,-1
Saishravan2023,baratasurya,1
Aldim15,astghik55,1
mehmeteyvaz,goword1,1
Gold_0,Leathwaite,-1
alaacherouana,Andreas-AK,1
elphomega,Rsaravanan,-1
ESTRELLASUPER,David121010,-1
AlexeyRos,iTBC,1
Rsuveer,kian1983,1
Rabo-Karabekian,mesdemayo,-1
kanz8o,sravan24059,-1
wwvargas,IceWitch27,-1
SYRIAN11,Armando_Blanco,-1
Rainers2ooo,elputoano,-1
romildojuliano,pauls-paulenius,-1
AnthonyAL,QuarantineFunChess,-1
apelsinkaaaaa,ajimura,-1
Siberkaan,antonio25146,1
KSF04,luismi90,-1
Mantequilla18,mahmod010,-1
morteza13383,emreser,-1
benguela2019,Elevoc,-1
mikidkno,xdemonx,1
Ivan8486,Mehdiii1998,-1
Vecccctor,,401
PrckoNutrient,,401
Gurujithegeat123,Ji-Yooo,-1
misterpaolino,Koenigsspringer56,-1
JoseCamero,DISHONORED4720,-1
manonthem00n,wingsoficarus116,0
Mykull21,AlamoSanAntonio,-1
drkavorkian,arva9999,-1
Karl58,jaimebm,-1
NurseGladys,ynrynl,-1
dingisking,Arzhaan039,-1
Burcin_22,ziedovich,-1
Sofia_Andreeva,esteban09021,-1
viktor2005,Gauri4096,-1
zhmurkot,wonderbro,-1
Pedr_oBALA,tobecontinuedLE,-1
Denis98888,MMSHAHIN,-1
vasasy09,hopkido,1
MansLight777,,401
FrogLegs500,,401
Narayan1998,Aadvik2013,1
AB2,LucyLulu,1
Alexandra_Sapogova,maxstronge,-1
Jaysuper777,DrHeadgear,1
rgmagpantay,Aymis333,1
alex2015antonov,Alexandraeskina,1
deandk786,Becksstar89,1
reddotblue,EnesFurkanTall,0
tintin91fr,Molecular_Layering,-1
eeshnaik,Chinchiletto,1
onurkyk26,pgiridhar,-1
Arkian_Empire,saeed_6767,1
Cavad_4466,kingmule,-1
jafarrovjavar,Daniele1979,1
garakh,degibons,-1
summer_class469,immortal_karpov,-1
achintyaakula,telegraphchess,-1
SchaakKoningBas,boomboom11,1
Kovalenko_Sergey,Lucky_BTS207,-1
walkthrough,plungercameraman2015,-1
Entrenador3talentos,DarkRooster,-1
Verygoodchesspersons,czcoubie,-1
crayz3e,prayogatrisna,-1
Serelllka,Mertolance,-1
SKalachn,Alf19,-1
TeymurBaba147,dendoll,-1
TienHaiVoDich,jimmyprotonn,-1
Reyenigmatico77,Electro2722009,-1
StaticNoyze,Eojpamz,-1
valbore,Dipaolad,1
KuldeepR,donchijote_11,1
XBoru,Furesalim22,-1
Tonista,jongurruperez,-1
rodriguez1984,Blikk,0
ParanoidStalin,Makedad,1
Alea_lacta_Est,Radmir35,-1
DamonRogers,kflan2phx,1
Daanilo_BR,Ruben058,-1
EmaSMach,joseluiz024,-1
randompawnstar,BANJI101,1
AdhiiiOfficial,see_kim,1
DentdeLeon,DIM118,-1
Giannini_Panini,Roamn,-1
golayadamczyk1510,zulalelif,-1
chessnoobian,Alisadek,1
check-n-mate,ThomasVetterli,1
salazer,Emanuxadrez,-1
DavisJoseph5,Yogi2104,-1
blundermaster3005,,401
elcin555,,401
CoolMasterX,keyvanh,-1
Valtip,PRAB2019,-1
RoMaKov1,Chesslila,-1
mrhorse79,khupeplizman,-1
rcastro2023,Eagleshieldsbay,-1
ghjkk,damm72,1
hssanals,attosi,1
IbraBMF,SashaMunkuev1961,1
vadimoshepkov2011,aminrm,-1
RalfTryhard,Lino85,-1
sinalot,,401
Agrani_sharma,,401
yuvt,shoenemann,-1
vivaan0973,marce0509,1
gramaster,Chucho00,-1
Aldio,Timomichelin,-1
DanilPoz,Allanmektm,-1
avivrathi,Bhuvi2002,-1
zm97,astonmartin007,1
VirtusImpavida,FlatCover,-1
vladfc,shil321,-1
David_2018,AlbertoOslo,-1
FirstVF4,akaashka,-1
SychevDaniil,ChessFlar,-1
Eddinebach,delorenzom,1
Dxrilex,cedric220,-1
ppreyna94,Uriel1917,1
SuperCh-Turbo-Engine,tonrovbetterversion,-1
maty23,AficionadoGabriel,1
GimmeTheQueen,VNSAntos,1
maniac101,ar_o_ra,-1
Pianoss,nkivin,-1
polymati,Opana77,-1
Leva6,Dr-Zo,-1
slydoee,IGAM11,-1
pwn509,AMomchilov,-1
TatouJaune,warrior33333,-1
ioannis_nikolaidis,Alkis999,1
danawy,hwii,-1
Maicols19,dd5semmkh,-1
fasciad,missinglinknz,-1
emrre55,Falkyrie23,-1
high_ho,marko_blanka,-1
Boss_Player_SLCA,Alto8,1
Gursimarsingh,Ian_Brucal27,-1
Wasil1968,Rudolf-R,-1
Camentaa,Madi76,-1
bigsmilefriend,nrd86,1
Diomaiute,GrainneNiMhaille,-1
Abhi403,ffrdt,1
SOWBARNIKASRI,jaff3r,-1
leroybrown789,Wolf_34,1
MahmoudTorab,chessmaster062009,-1
Kurama0909,sollbrawl,-1
memo10,Butilove,-1
marksimilian,Azamat-1987_Turaliev,-1
JOELJOZF,,401
Appenzell_2020,,401
TakeMeintoDarkForest,smorris,-1
FasterThanMaster,FinalGun,1
augustinaaa,quentinreinhard,-1
Queens_dont_cry,vasilis29,-1
GareevA,FredrikHammer,-1
Enrique005,alsalman_chess,-1
Maestrache,Raflax,1
Starcat004,MiguChess23,-1
Indvaasu,daperdomop,-1
RLMPAJEDREZ,The_Zak,1
e2e3e4,chupacabritos,1
benprieur,Zirene,1
Commander_Alikkk,pradyuman2037,-1
avgch,Andrey1412,1
rygusi,desideriusP,1
ONLINEcrew,vertige383,-1
yemei56,plumbus,-1
oscar1107,mofuq,-1
gpjanik,hossamhnr,-1
Adamka0713,Gregory_Tsybulko,-1
ssfr,TheLastPalomin,-1
Jimfreecs,martono_kendal,0
Sigi_myProfitel,balan08,1
h2006_7october,karansavekar,-1
heyfreak,Vanderleyxadrez,-1
hiteshvayugundla,,401
Bursaspor1,,401
Danifleitas1985,davoodamiri,-1
Yazeed_Stairs,MohamedAyman7777,0
aadhritr,boomsinclair,-1
SABBEli,DirmauskasL,1
wahba87,copado,1
notyouboynami,drecaryes,1
Duzcespor,ohnomyjuicers,-1
TimothyKim,ayaktauyutucam,-1
Vllarinovich,widodoey,-1
TheDarknestAngelOK,Nikita_1207-14,-1
Cro_Pegula,Irish_blues,-1
leochessq,mars-3000,1
FigueroaPuN,Blaze_5,1
lolochessplayer4711,grkmynm,-1
KirillGen,THE_LAST_HOKAGE,-1
Tundraaa,SaltyTorra,1
petrastepanova,Darmstadter,1
mirobr,,401
binjaipirua99,,401
Pavlykandriyishyn,Renegasparov,1
rolf69,johnyjonn,-1
curylebron,Osmanemreaydin,-1
icathexis,burkutchess,-1
Dhananjoy2002,NoIdeaButTrying,-1
Srujan_here,CatsEleven,-1
jchung14,Sharpblade27,-1
romaporra,Yashiko,-1
fitimhaliti11,tenace,1
gaston1896,Roderick2012,1
mardanov-mansur,idus_ONIC,-1
Guillermo-Albines,Danet124214,-1
Neadickvatik_2024,New-Style-2023,0
arlesio,arunbvishnu,-1
HluliM,jeka16,-1
Newtochess1024,Jimboslice777,1
Tricerapops,jvhy,1
WITaja,angelfcabello,-1
chesschance,itwillbeoversoon,1
Enteresan1,vytas14,1
CapitaineKebec,Adercilio,-1
Masoud1356,Ismailkhadjiev,-1
anonWasTaken,antoniioman,1
mrjohnson422,Snavneet,-1
zohaib_ali123,,401
MinaSedrak,,401
TheBushWookiie,pablito777,-1
mentallyill2222,deschend,0
ich_hier-wer_da,antango,-1
Arabayto,oyvind1011,1
mahmadddd,josuers13,1
diegoramirez1312,,401
siddiq6012,,401
TedyKabTasikmalaya,abahzanasCEN_INA,-1
DusanBano43,HorribleHorrible,1
tedangsar_tedingsir,,401
BOOOOSSSS,,401
Omagarwal3d_dps,ahmetbasv,-1
nicolasrdcx,Raferreirardcx,-1
minuchehr,HasanAbuElayyan,-1
Ronik_Patra,Samarth_Pandey_Pro,-1
AMEYAK,Osiriseyes,1
TvJohan,eedekarunakar,1
Bigbobmango2,Gibbous64,-1
Chili_dogs1673,oubad,-1
Bastastic,seniormatanza,-1
sekvr88,Telly_V,-1
miraoo,AllieTheChessBot,1
Locimarc,MouMohsen3300,0
moonbow77,sk1966,1
dimarko,Alexs59deRov,-1
humb,ikermaster14,-1
ORLOVM4S,vitgusar,1
Justagame1234,amirmyrzayy,-1
DaddyK00l,meibahar,1
HarishGandham,Kanthecarowin,-1
redeyejedi808,konax,-1
serpontyn,notrich22,1
babbayaaga,jensberggren,-1
criya6382,Bestoff3,1
bibbo,koreecmag,-1
mapomme,Franz_P0,0
lzmann,Azaran17,-1
Ard_e,KrtexTheKinx,1
Sargsyan123,rvbini,1
Akiba1965,,401
aripranji,,401
Conyaz,agustinquiroga,1
lucianomuller25,PettyGood,-1
Desposyni,AmineBk,1
klassanov,Artem_FirsaceX,-1
RAEL_2104,Smellma,-1
acona,misha80,1
Carmelo_Bondi,Hakmoh,1
Kmukz83,PremB-Chand,1
AdlerV22,Hitesh1199,-1
wonotobo,kasparovgenoa,-1
kananhilhammer,Etersson,1
ccgf071017,laufer23,1
GhostrB11,yssn93,1
ohgodagrenade,WAELREYAD,1
cucurucucucantaba,NateShadow,-1
souzvv2000,ozgurduino,0
chickenlollipop,SergioChouza,-1
SavinovSergey,RusTsyplakov,1
VtoroyOdin,Sylvain34830,-1
TURGUT_USTA,Hariospeedwagon,-1
Ritu01,paviyuva,-1
abhinavasharma,eemraan,1
cinartura,peter-51_11,-1
ForzaMilan87,lyes47,-1
Royz8,Pavel1374090,-1
N-Lamok,yuyun5,-1
Ujwal_bhasin09,RonHei,-1
POP1983,vavke,-1
Kyan_Amarasinghe,A_0X_KING,1
subir070,Davi_Tkm,1
Ghaghnoos,Pikachurra,-1
denis20-06-1984,Idstaaner,-1
harryhonor,iveselkov,-1
cash_tournaments2023,Esse3Erre2,0
Kabirbaweja,dannyjay,1
CA73,zoltran1,1
romain_0703,Alexzen777,1
bagis2,SergeyB123,1
schach999,sinou98,-1
kuber88,Ruben62,1
Cuidadu,Fozmeh,-1
mariomarcelo33,RocketDaddy,-1
kasbarov2024,Samxalov,-1
Kal1ns,armen63,-1
wolle9,DIEGUS09,-1
anirudh453,Vultur777,-1
twowaycheckback,BiggieM3,-1
vasyatko,Andrejtim,1
EXB8612,UgoNwaKay,0
julz1,Natsbank,-1
MussaO6,Leorra,1
kleball,alexolll57,1
Omaralkholy,David_Khubulov,-1
CHIEAK,andrewelpedes,-1
ysmngnds,msokhanlatif,-1
Kuhle_Fulane,Raphael102,-1
dincersrn,stephs_illustra,-1
Rimi95,Karasvareniy11,1
NorthBZDN,AttemptTheSteal,1
jazdaztematem12,Randale,1
Panguinoso,sSeba12223,1
smurfy,sommerogsol,1
DINAN5678,JADE-SED,1
ikromjon555,,401
ChiefGago,,401
aminought,acratak,-1
Sibernoff,TomJerry20,0
Mat2212,Lol023,1
HanselPete,ck9926,1
jzzzzzzzz,TomasSalgado,-1
EmptyAct,nojordinary,1
Uzman003,Esposa-2021,-1
generalcodigo,Gundimon,1
PeteClay,LSisco01,-1
CBartolomaeus,lenskiy,1
okx_okb,Vlad_Kan_86,-1
muhambe,taccou,-1
Nunxioreal7,Klej55,1
gv0tt,Imaqtby,1
jayej_gupta,Atila12olma,-1
versuchsmal,rutchell,1
Mohamad2003,zvi57,1
dhulo2000,mrMSK,-1
sinanozalp1,chingori,1
PcElitE,fafou070245,1
gosling30,rodrigo_pinotti,-1
MickeyTee,Pite332,-1
mathu21,blackorwhiteknight,-1
Danya_Kiselev,Valery_shom1,-1
RuchiTiwari,utkarshgupta,0
Edenpatzer,iwnulse,-1
spiritmouse,under_promote,-1
carlitosperu123,KamiL_1989,-1
SantiagoCiccone,santimplis,1
LOGAJITH,ioanekutchashvili8,-1
aditya_7781,emkev,0
patrick0707,jo_the_boss,1
N808,vvn0304,-1
Renacentista,vbocchi,1
Un_Real_original,tkivanc,1
O-chess,TNT244,1
BabciaMarysia,Craitzu,-1
Vampiro62,Kowalski_Le,1
NuReLeS,The_Boneless,-1
ClusterBuster,WorstFish,1
jsp1216,gatonegro_24,1
Smixzol,Tuning_fork,1
BorisKarpin,AMakaB2,-1
AbolghasemSafari,gogo50,-1
JhaneYuan,Dupernik,-1
rotti41,Rodenburgh,0
Bertil36,giuse78,1
Maine49,aliidehghan,-1
samisarigil03,sSpartali,-1
achileus69,Nohayquintomalo,1
samila1,makar1972,-1
Ike_Midow,AleksKV,-1
potates09,pokhriyal135,1
MujTato,Nigthwolf185180,1
one_fr,Thyyroz1,1
Cristian-15CC,Mahmoud_Mustafa-201,-1
Bcarrieres,Iggikrome,1
innocent254k,Serhio1965,-1
Genkaiwakoeru,FABIANO10,1
bedoo5261,Falconer_Cyrus,1
Shelekhovchanin,brkrk4,-1
adulrunarediviva,vieto,-1
xrtn,Khosla11,1
sachistaAles,AsinoVolantee,-1
marcel3,Cronopio1234,-1
Nathanbisstav81,pattymac,-1
FotiadisAlexandros,stancia,1
Fly_21,Plaskett7,1
samaaannn,Marazbaan,1
challengerpasha,A-Rockingali,-1
FaRuKyOrUlMaZ,kostuil,0
opencomplexair,suresh3,1
gsheng0,cavingada,-1
maoelpro,niks9876,1
Abdooo2005,Arturroma,1
Dima_di,MIkhail41,1
gashek,MoiRon,-1
HeRo55,dandeliao,1
ultrasoft03,Gopu-017,-1
rjchw24,reezza,-1
sowbhagya_0,Vedasai,1
M3llow55,mhmdbakkar,-1
Beboking14,good_kamikaze,1
x_dasket_x,proffitt20,1
MakLav,Ahmad_altamimi,1
musifii,ahmadyas_ser,-1
FearP,Fz10001,-1
lwalit00917,Shmjak,-1
chzplay,Luisalbertario,-1
Lucasbelle,rich2db,-1
Leo464,jldep,-1
SoobPL,michfi20,1
realproto,,401
Dragonslayer1230986,,401
Elito29,benitosalazarr999,1
Potapov1973,WDRNE,-1
Alby_boy,s243,1
Askar2332,Edi_simon,1
harryninjago,Shubham98,1
idreezbaba,Hm1993,1
LuandaGambit,DrunkHeismanberg,-1
RS3123,venoms133,-1
l_1ar007,Robertocrata,-1
ParticipantOfChess,KTMEST,1
DIAChessClubStudies,Lucy2007,1
sunnno,magun4040,1
undercovernerd,Konstvik2112,1
algenal,Koenigsmoerder_007,-1
Pinguin007,gox97,-1
Aurelio-Cassillas,umeshnayak,1
angelmarcos,,401
crayala,,401
ThatIsNotGood,Reszetow,-1
Jamal4006,Baffaccio,-1
Ayazasgarov,Dominik0412,-1
Blackermj,kadir33511,-1
Tamaninja,PeacefulOlivia,1
Composite99,Adan1234,-1
PRABIR03,Okunmuyo,1
hakona123,kbb1978,-1
AmanAly,eightball66,-1
DanilAleks,U_Knapp,-1
JJK-SatoruGojo,jowi59,1
Slartibartfas42,remix44,-1
interpretivechess,hr-abdolrahimi,1
zahlmir123,Teowlingquan,-1
Hidrex,Daler_chess,-1
gozhm,ELO2789,-1
Hans_C17,Moderate4000,-1
Sasha098830,GonIriarte,-1
CoreyRigley,IronBreath,1
Maxime109,Zouhairelasri,-1
KrishNaduvam,Ardente-Patience,-1
Anderson_Chung,suparyono,-1
Jeremongaa,Sashylik,-1
HenrykV,Oswaldof,-1
Dr_tron101,aizchess,-1
Dhruv_india,DahonKV44,-1
G_SlamDunk_G,MOLKJHGH,-1
Lordfares10,Timon1984,-1
BlackGrape18,sametbitiss,-1
XLREIGHT,tigosc,1
SA_khdran,Kossaibayev,-1
DemircanAydemir,I125,-1
Olim1998,dhoom_thatha,1
icsk,BairKhamnuev,-1
HdiNik70,esegundo,-1
ljseixas,asesinodespiadado,-1
mukund97,Srenevasan,-1
LeandroKazimierski,Limokunali04,-1
Tim33-pro,TrenboloneySandwich,-1
LLNAGM,Riparbella1959,1
goplay,beogradsurcin,1
MrCoriolis,obilv,1
Nadavian_Wolf,armbreaker84,-1
Presoo97,MSALAJEEL,-1
vaajesh,AlexCala21,1
Chefjohn,bsTakashi,1
umeshsuresh232,vasu21,1
Kdhojo,merstam,-1
grigo_77,Elsvt24,-1
Skaur,bogdanfuzik,1
MRG1441,hmmmmmmyld,-1
Azucena1258,michaelra00,0
MaximMaxim111,temangsang,-1
sahy31,Russia2008,1
naughtymikassa,Kovsar74,-1
rezamir,king_d4e4,1
amaimask,davyseal,-1
sashaLetoho,igor201504,-1
Sutarco,Maayouf,-1
ISpitHandSignsAllDay,Naeim_abazari,1
Jorrre,X-2021,-1
RaZHaree,SillySillyman,1
Escalibur120,tvanoost1999,-1
szakal185,AlexeyPron,-1
um15591559,KrisTelle,1
KHAVIN_S,Chesspippo_1994,-1
ata-razavi,Nethsara200612,-1
de_nurja79,EMandima,-1
Dhaigudeshivansh,EriSiamz001,-1
amir2434amir2434,ToxicGerbil,-1
IamBetterThenU69,ugougo59,-1
kd8us8,Falcon915,-1
Olga-1966,andrey31011972,-1
Chancho-o-o,tomii003,1
VitalioMochniy1982,piterskiy555,-1
Lollit123,Cailynn123,1
Iqtest2024,magotal15,-1
vedGM123,rbn1000,1
Jezer77,EroSen69,1
andrxs97,kotoowner,1
petrosian_cubano,Tusabesquiensoy,1
Chess-Guru-7,sibachir,1
Sagar_2321,moon12moon12,1
ryguy76,anny743,1
jo202,,401
stefanofuma,,401
Giakhang13012016,AQUITAIN332,1
Artyyyyy,sevatrix120,-1
Arout16,tn_wvsof,0
Dan_Shilov,PrasoonBanerjyi,1
Kirsanov_Vadim,ryuuuuuzennnnnn,1
Ahmed18186,G_Sirius,-1
OksaPr,,401
NITIN138915,,401
KINGO_15,Erickp123,-1
Talalaev808,snoo32,0
Krabbe,JariMixeus,0
NettoFrois,bocah_cilik9090,1
diesel2006,Zzz011,-1
ABN_RB_1994,anrec,-1
pierre_albert-birot,Manuenrico,-1
danavi2612,emi1971,-1
Martinovky,veersen,1
DarianaSofia,ChessN88,-1
Jayohyaa,Aur3liien,-1
ZPhoenix,WarriorI,1
OrxanNamazov1995,panvas,-1
Mrtaktahumain,Kiry_23,1
mohamedabdallah5478,GianniPro,1
Etzothegreat,CrisCafure,-1
DXNNXS1155,anhardomino,1
AARIVSURESHPANDIAN,Xyribo,-1
Spike1825,ldsnlcf3r,-1
rorr1234,Bojan1SRB,-1
DanyOk87,Lenox66,-1
Schmusanne,I_Am_Cagnus_Marlsen,-1
Bfec01,Dallas_Golova,1
AAATM,keziah_timothy,1
Tukan0801,pakivito33,-1
Lily_cat,Altdrgon,-1
borya321,nasrrr,-1
GARZINNDHI,Zain830,-1
hoangthien1234,ahmetmertakin,1
bohdsma,,401
timosuomesta,,401
ZYRED_MORPHY,ulik1,1
Igrochishka2,gig51600,1
don232527,j-lP,1
kid_Black,DonBee,-1
DFreitasBrazil,Thundermusik,-1
srchess_15,Ayomide_17,-1
SashaOsp,Davincho_AG,1
Efdeha11,mahdiassaf7,-1
Mahmoud_has,NxTprime1,-1
w4tt,HighestHornet,-1
Lijo_kerala,laban_s,-1
MrTackle,mahmoudelkak,-1
Loris_Nathoo,Dan2016,1
lololoshak2281337,Haganesramp,-1
HernanAlt,Sergoksp,0
vsh1chess,tontonthegreen,1
amiram123,AMPHPT,1
Belost,anandove,-1
pedileGGiu87,PlanetSD,1
demonkingacademy,Roquit,-1
kartiks2013,Ivan_Basso,0
BrenoDD,prestmatheus1,-1
Bar2Wmtr,Shachmatyor,-1
Krecik120,arbuzek21,1
InferiorMove,Latiza82,-1
damianebn99,anishravindra,-1
Lanzero9000,Paleto-plus,-1
world_cham,YinkaOjomo,1
HighClassPatzer,jm8740,1
Shuvi211,Shaheenkhan,0
wronabart,mkvam,-1
Danylo0_martyniv,PLAnaHaz07,-1
escudodehiero23,ziorda,1
thabogumpo,Oscartang2023,-1
lowlevelN00B,Nihaarika0911,1
Shiva_Srivastava,amittikekar,-1
dr_peatdocs,FastFoodik,-1
ProfesssorAdol,GBGRICH79,-1
HhHammad,erfanjan1386,-1
aymenbah,mezamort,-1
fsahin2,Mohamed_Nasser_2004,1
z78zena27,River137,1
Arvindehghankar,AleksShal,1
jarujarujaru,Fhdmou1,-1
Artem_zakharopulo,moses1990,-1
k_sa,Matei_007,-1
P1K0003,kimchillama,0
jarek92a,AndrewVartanyan,-1
FrancisDaniel7,Pablopolarlosalamos,0
Samson101,gambit8211,-1
BayeMbaye,sasa_kocic,-1
MASTERhemanth,analbandit,1
Brahayt,akkurt2506,-1
Vov_a1,Mirzaraofiiii,-1
AnasOsama0002,N0l0G,-1
user41578139,klaus1995,0
AaronHodgson,corossini,1
ElenaAveti,GrishaG07_01,-1
erikmannen,Oiler97,0
Nakul2018,sergytromposky,1
Vincayne,jose2021bedoya,1
robothobot,jorgerfernandez28,-1
TT2041,MuharremZogjanii,1
Eneranaral,KimErwin,1
HonoratoIIISilveo,mikhael10tal,1
shhone,tair76,1
atomic_123,divyansh2018,1
mehrad7522,Escapemp300,1
behnazpiroozkia,Artem_200219,-1
goodvibesonly2021,servish,-1
killwish01,BlunderThunder80,1
Irham14,SanEspi,1
itsviren,TribalChieftain,-1
nandantanishk14,Arman123213,1
Harshni,cabawaskayeye,-1
GUDAUTA-CHESS,Irtych,1
Tomaiss,Sdty123,1
kemp_Arty,Cadastral,-1
Thezzet,null815,1
LuisDelRioF,stevenmomentum,1
bpa9226468521,,401
Olga-22,,401
Kassey,keinename,-1
kardiakafti1980,paxaff,-1
watchfulowl,destapr,-1
moatasa,Youarematesorry,1
RidhamShah,esi1789,-1
sk24_12_2020,iim44,1
Hegde_Aditya,PS1002,-1
cvspoojith,Hey007,-1
My_real_name,Cyclist9,-1
PiesekHenio7,AwesomeFork,1
FedorErysh,antelpar,-1
zbrcy,hackleadchess_new,-1
NataschaCh,RIDAMOhaammed,-1
roozbeh1363,,401
Lapislazulo,,401
elshab,fclgomes,1
blindchessonly173,ubersonique,-1
Mostafa487,mostafa_m_awd,-1
TNC_truongphong2012,nguyenthanhthuy1989,1
Onlyg6,Aile_dame,1
semwrest,Inessh,1
anonimos111,Anyelohd,1
Bbehnam777,cahit62,1
adam3sfour,yamamadz,-1
JuanJo2401,karol_echecs,-1
Z4g0rr,KiLLeR_QaSQyR,-1
Abdi385i,Callimachus2000,-1
BilgeReis,lanebuleuse,-1
max-hacker-yt,dapster03,1
Mikle-novochek_161,alleswiedergut,-1
gar47,RARohman,-1
kirulik,Neofita68,-1
vvsjana,aleksandrstannikov4,-1
georgiycherdancev,goatofshatranj,1
I_Yaroslav,magedmoussa55,0
valdemar1989ll,Saulj123,1
jtgslatt,mmmmdddd,-1
Jordschu11,Fine_Mercy,1
liyan8,Sardorbek3132,1
xenobard,vgo2020,-1
IchLiebeDich11,Jadogar77,-1
Scaringstick,Magikas,-1
Victoria_N,Maksim1203,1
stegasauro,Tonia33,-1
mghifariarfan,gipipre,1
sling16,belalimgel,-1
mora_miguel,Pollo18ajedrez,-1
Hamdaan-Meharoof,kevinponce94,-1
Oleg28ru,aboroshd,1
Siakkaye_2335,NicolasTueros_PUCP,-1
Tsogoo9905,tsetsegmaa,-1
Tse_Kely,little-pizzi,-1
ricmezabaltazar,SoapyRonjon,1
alexpourdefaux,Canoninus,-1
auau97,Shamil1981,-1
kayum88,asimsu,-1
Clarinette2008,bijab67,-1
Katras,PhilipJFry13,-1
Dhrupad_Deepesh,,401
NijeyK,,401
nalazs07,sergdima,-1
Arieldening9,abdekker,-1
Jorge_Matamoros,CDOCTOR,-1
anacatao123,Elbombastico1978,-1
schaakeen,TheBloodPrincess,1
fuseearjenCDF,doxob,-1
bangal79,philhippo,-1
Contrapasso_ta,AluDilu,-1
SilverbackHQ,gerhardkm,1
K_ur_t,Magiczenmaster,1
PoisonOakB,Kapu_ramen,-1
Ochluo,apismel,1
thissomedude69,Joejr33,1
gassom-12,miryS12345,-1
xihuan,Aleks_and_Dr1,1
ridayrudra,Queens_bayonet,1
Yoweri15,wanikin,1
salebb,TheAareOnaKakanfo,-1
Fionalia,RodrigoRoca,-1
Kirill8901,Simba_eddy82,1
UniversalKing24,ersanssss,-1
ShivendraKumar,jerryspring,-1
jSACHiss,Densel10,-1
Aikohfox,florianbw,-1
Rendezvous_shore,Allred,1
BrotherJudge,jaquealjci,1
ajedrecista223,robertoyepez,1
c3rb3ru5,Kaeno,1
Kevsaitama9846,PAULO_FABIAN_TORO_HE,1
sasheg,S1ngaSonad4,-1
lighter3219,S_I_D_D_H_U,1
BenSur,Radi2002,1
v_zuke,Shondrone,1
relaxbcool,Ag47_90,-1
pagal27,BrandonBrandy,-1
Rajiuddin,patronchik,-1
jmkon007,speude,1
dark_5,Paandian,-1
nasadil,dome610,1
NG1000,squari,-1
Facu77,Pablo_Carrizo,1
sainaambrose,GKaya19,-1
Weisspferd,boneash-924,-1
sleeper73,sermchess,-1
danibucha,Kemal_hoca,1
IG-PetterCx,Circleofprofits,-1
EduardoGonzalezM,bearcats,1
Car1312,Elsanjuanino,-1
WololoHoyohoyo,neideamanti,-1
samgold89,steinmb8900,-1
uday_017,Heparine84,-1
sara0a,EduardBaican,1
Shockariz,Dr_chessAes,1
bayernchess,PlutoN-2024,1
amrheikal65,fightmilk77,1
vahidamiri1372,mn1350,-1
dansinoni,Tehuelche34,-1
soeren78,sodeatharethere,1
SAAT25,ATMACAM,-1
BenjaminSanchez_2SNL,Volk_off_vk,-1
Schwi64,Aryatanozgurtan,1
Qsac,ootiplayz,-1
Reffers,ArJay38,1
Hyuzz,Hanbutaev_2015,1
NAPTOWNDRKNITE,ERaul18,-1
Ssula,try1time,1
ebrahim2000,Schachsponti54,1
AresMV,RUSH_TO_2500,1
AllyHP,Scrubble,1
Mateus_Augusto,Josemarte,1
Enchos,homalii,1
Vladimirpink,miodrag047,1
gmxequemate,Shuvradeep_Kar,-1
Magistr1983,Peyranero,-1
AntonioooT,EbuYahya77,-1
PoyrazEmre9,IA_lan01010111,-1
Kurumilover69,,401
Tomasortiz,,401
Vahramavakian,Luizavala,1
zhivkokasabov,SkRaPiD1,1
amanda16,By_August,1
USCF_15183431,AGoryatnin,-1
Gongubas,ElAxolotl,-1
INIshaan,nourmozenbaa,-1
TIMrs,playforfun_01,-1
chess_dragon2013,petrovich5398,-1
viszabi01,scracco,1
Bardock06,Schach04,1
Matbea,Nastya_D,-1
TheJohnJ,Anton_tops,1
LincolnHawk83,nello08,-1
defensywne_szachy,Vadim_lodin,1
NikitaViktorovich,lwh0825,-1
WanderleyAmorim,syldz,-1
ruhum01,vkd311,1
anjini18,,401
macncheese37,,401
KmHachimMoabdou,Rbracht,1
Socky24,Gavilan70,-1
aranunz,chessoblanka,1
quitechessplayer,marco314159,-1
Dawood10,Martinkoponozka,-1
NewMapWhen,Lisboncap,-1
Davethera,jb_007_007,-1
fermig,juventini96,1
Talleres1913,zoehcycy,-1
Samurai_A,Alaa_Menshawy,-1
ffplayer007,BillOudi,-1
Cockle,MaximMer,1
Jonas_Heemann,JulioManuel,1
himahima1985,mihardestcore,-1
ArithAggarwal,yuren707y,1
fa4086,genaza,1
extasio,random_fan,-1
Therosius,alohajessicat,1
zhfwen,serh79,-1
Shamionov_Arslan,peyitafeni,-1
slyfox2006,martinkuptil,1
shatirov_2010,Tobichess92,-1
boehm,tarpolin,-1
Immortal_Knight73,SergiiF,-1
BiVit,ERENKAANKANBUL,-1
mukundvasudev,RNG_Loki,1
Holguinero,Kcarv,1
MG_VizMc,spens,-1
jarraraysh,Simon_Scheib1234,-1
Pelucas22,torotornero,-1
nicholase1,leonD7,-1
chaamploo,ILIAHAM77,1
lionguard24,manguus,1
insiderunner,admindckz,-1
anderew053,sheikp,-1
avsani,Fralekai,1
tezzans,zimchessgeek,1
saberfer,Soluk-UA,1
gouvani,ezesin,1
Nanchim,A_Tsetsujin2013,-1
Rade-Samby,herb49,-1
ZXC2005DED,BrunoWenzel,1
Aletrader,Dumbplayer2,1
Gubin74,MASAJU,-1
Daniella007,Minin98,1
NikkelKnight,errdee,-1
ayaanjain_4,Nighthawkk_1555,1
Hemantart,juanf1974,1
xb4,Andrex1x,1
codmeister1,Pablo21,-1
boris3399,hulk22king,0
Atharvan08,kaisaw,-1
KyawKyaw3012,Susito33,1
SeanWalrath,OnurERDEN,1
lonewayfarer,mehdiix,-1
Camphill,artemis329,-1
MihailBakirov,chessdunk,-1
rgkkk,shaker_666,1
Player_3_3_1_5,barfly143,1
Vaishnavisati,slayer161,1
Agent777pro,Auskalden,1
Cyav,Adonisrinoh,-1
Chelebiev_Esken,Bobrik_luck,-1
pawnpusher666,JuanDomingoPeon,-1
DrTaktyVRM,Pancho_Pistolass,0
dcehibor,Ciccio65,-1
kTzy,Maheshverma82,1
Adrianojuega824,YoniLavo,-1
jzpmet,konstantinovksh,1
Red_Dragon_7,ranik778,-1
Bb7154,Fatemeh_T23,-1
olga11111111,medinaa08,-1
CRAZYWATER,minhtriet2405,-1
kenyorduna,Onlinedude,-1
sergeiy,Kimaollaf,-1
aleBOca2022,Ras992,-1
Ahmet2014,Mr_Muratov,-1
Paradios,Cuu-Ivan-1987,-1
HzorMark,Zoromonk,1
cavallucciomarino079,MartyEastwood,-1
ranam98,Theapollon,-1
carlosfmora,Sakr2010,-1
VictorySword45,CaroKannIchNicht,-1
Batyshev_Nurdin,Adamec01,1
gio_17,wpf1,1
Arslan9,Yessika_Matute,-1
baguette-en-1,gugu256,1
Kgantshi,akulioto,1
jcbm64,TitiMoi,-1
santiago26asd_lsls,Edward_fon_M,1
Espanol92,Kapeblanche,1
Chessnerd93,gallofa00,-1
Heinrich_es,lazeta,-1
N-sjdkkdksnsb,M-Egor,-1
elxio,ipin1,-1
JOhansony,Chessplaysdev2011,-1
gusty02,Samgsm,-1
Sardua_CJ,A9636,-1
Ziquitraque,master_Burak,1
SPCoppy77,ertoli,1
screwsloose,mantegazziani,1
francischege,italocfernandes,-1
wloclaw,Budarin,1
aron9255,JorgeLuisherrera,1
Ayas014,chris1507,-1
KBA3044_MUAZ,,401
Varyagov,,401
viniJones,Strandmullen,1
tast-bjksatranc,serinkayaz-bjk,-1
gmtejas2020,LikeNo1,1
Grossier_Merle,samehelfeel,-1
Ahmet_Cem0606,zorro_chess7,-1
Varandragon,Alx_81,0
dullyourrockk,FunnyFunderson,-1
I_Hate_Chess_Betinho,MasterChess_112,-1
YasinAhmed99,Gmhmor,-1
Blackburne_Varisi,ForHyperion,-1
Pelegro,varvara_kosha,1
Vladkuz100,s_f_r,-1
mentalrepresentation,Thomas_Bryan,1
Matvey-58,memetttt,-1
Ketan_Seth,sha25O,-1
Daniyalkhan5,Georgia30,-1
Chiarakap,DDominic325,1
Temirbulat1,Biotwang,1
crewz995,Fadwa_20B,-1
GingFreecs17,LAUSANNE51,-1
nn_908,OpMolTr,-1
canyonchovy,SlayedChess,1
NowArcher,Strategistas,-1
BhorikhanG65,JohnKarakot,1
Fird19,GuglielmoZ11,-1
Frenetiq,gigino2020,-1
sbaccar,aminesaki,1
frantic00,PetakchyanKaren,-1
SmirnovDima2015,Rizwan21,-1
Sakofa7,citosol04,-1
ThorsPanzer,groupon,-1
tysonhabein,Gizarius_84,1
matthew829,TeamAlbor0615,-1
steakncheese,Tuankhy,-1
pandeynikunj,Butz24,1
tearbear,Morio_wanzenza,1
Rumira,Alexandr1991a,1
danisdaman22,Franzmann-0815,1
Bean100,gosha55,-1
Klueade,BMWX10,-1
ZlayBylka,mois644,-1
YonatanGreen,GoRrr84,-1
Maidamicis,Durand2025,-1
SimeshChess,TomSchutte,1
LaXuZz,cheefmate906,-1
elatinol,HanifiCrkglu,-1
Pillallo_13,HzNuhungemisindenbir,-1
Beslan777,NermeenA,-1
Rocky_Susan,DragonKnight05,-1
MarkChubaroff,cosmostarlight,1
forestjump20,Jacobo21,1
Leity,AmarKumarMahto,1
artyomiy,tugrulsari,-1
Karelproesmans,M47H3M471C5,1
martin1111111111,,401
bijanmaster,,401
ososmhmd,Chhoton123,-1
tdgall,Beskit,1
Viggan04,balumeesala,1
Faibisovitch,aleonurus,-1
ayman7144,Gat0o,1
Luis_Vzla,PawnTown7,1
Justemo,Shapovalov1,-1
sumragsri2025,Cruise97,-1
eduardocesar,vemquetem123,1
makaryi14,eltonbrazilo,-1
KarpovEA,AlexTok1979,1
Stonkfish07,LaserMate,-1
ha2412,bango8899,-1
MONSANTOS,amirbahmany,-1
Thornaberry,Sicakkahve,-1
DeaD_MeaT_25,Ashwinpranav-21,1
Malikdwaik,Akhnalios,-1
tahirahmedt,rockawell,1
Kannjanix,romeosucco,-1
Krishanth_Sriram,mufees,-1
elvijs,alalalala123,1
Abdoelbalm11,samlovescoding,-1
saloumacharouka,Tonyukuk09,1
Rody42yellowEx,Daschuta,-1
AdithyaApuroop,Alejiu17,1
str8rider,kaminzik,-1
jedm,raphzn,-1
astro_cactus,NKCshkitals,-1
PouncingOunce,tccandler,-1
ak_thiru,Kamit_messi,-1
tadeomariano120163,nabetse86,-1
poncho54,Connemara14,1
Yaheaaljazaeree,RafCamora,-1
iKnetiHD,duman2239,1
Revanescu,abdulsalam388,-1
vvilgelm,LLL007,-1
D34D1N51D3,ThiagoDiamond,1
Roob8,Handascot,-1
rascarcapac87,MyLatte,1
MahmoodToolabi,Amin616,1
Moon_Larkhall,kotlar_security_sro,-1
Eweada,Speed-of-Light-7785,-1
Abhigyan_11,bornilsonowal2,1
Wahaj,EvgenyPro,-1
imretired,ghlamasmar,-1
naufalaziz7,kyrieducator,1
SXB10,Kag1to,-1
ernarrdus,,401
thevaldo,,401
Ottovasken,melnikovprokop,1
Rinatchess2023yandex,grajEwo,1
Alav87,FrankH,-1
decak_iz_vode,PRHMV,-1
Timothase,ChessBrain_111,-1
amay_yadav,Obion254,-1
Dr-Hipo,Bambang-Sudrajat,1
Lineman33kv,Stephen77,-1
Moataz_M,Genesix,-1
alfie791,Jesuisukrainien,1
saknorito,debryut,-1
Seif10M,pesos75,-1
Arondompokemon,Noobibii,1
mastersaad1,LHFO,1
firemanx,chewie591,-1
Gangrell,christoph0803,1
alemon25,Ilventotaras,-1
Berdnikov_Vladimir,Recoleto,-1
KaRl_iS_HeRe,little_ganter,1
Caro-Dann,bhibhoy,1
joseluis786,Wixur,-1
AdvikG01,Samarth-C-Deepak,1
yolanda87,muahahaahaha,1
maxopuz,ahmedltarek,-1
Samodra2,sid-brrtt,1
Lalev,Intlfada,0
RMOSCOSO73,nkivin,-1
blunderbugger,Filip102,-1
neon-pawn,Renzzo73,-1
kolomuani88,Doggenhorst,1
ludwigklages824,Matt_Trakker,1
Hogannn,chaturanga-chatrang,-1
vova_mat,chema_rf,-1
Gambetorre_Latita,Allinzua,-1
Gon200,ChilufyaBrandon,-1
LION_CAR_SLCA,wanikin,1
IamonFire_Nje,Imatshanisi1,1
Berkay9032,Steilpass,-1
Giufe,supersuperjohn,-1
Srivatsanlotus,totkar,-1
mimi1983,LuckyLufter,-1
JohnsonTin,Govig,-1
ditokats,Elmari0,-1
Night-King2004,Clubolim,1
Joseph_p24,Cheesekoko1234,1
Giannigio,learninghow2play,-1
mantegazziani,sergio_rago_1909,-1
mapinc,foscata,1
MarkSayadi,Gao_Le,-1
Utkurjon1972,AlPo1974,-1
Small_Asian_Boi,AronCunha,1
theloddard,Mukkattu,-1
martez_1616,lefilouvsyou,-1
Harrythehpawn4,Wirbelwind96,1
Kharchenko_Andrio,Komarov_Alexey,0
JMiguel2005,rikmath_OPG,-1
CSm1Le,Covrick,1
M353980R,Domik_v_derevne,-1
AfterTSK,ippotis,-1
uraymeiviar,schadupp,1
AzaGal2010_1rank,eraseek,1
Valenlema21,Skak23,1
Joyachessensei,CaskyN1,1
pedrogasiro,Edyta_Gorniak,-1
aswinappu,hithas,0
Blazej2016xd,Biert,-1
sonuba1,sn2010awesome,-1
Krishnantg,KLIM2015,1
WilliamValentine,kaizen2810,-1
fromsiverek,iwantpeace2,-1
La293,MixiTheKing,1
henninghu,maximvlad354,-1
mastrbe,zizi62,-1
Trivi717,PaulZagaceta1977,-1
Symphonianness,scotch_fanatic,-1
Arkan713,Beti7,-1
BNP_P,CordycepsBln,1
RZUCCO,cirkin29,-1
abozkwan,ahmdd55,-1
chessoptics,ALEJODEXTRE,1
olgaastafjeva,meghaliujir,-1
Mixanik63,aliyousef13,1
matts126,lucagaa,0
kufu007,dattasudipk17,-1
elkasztan8,jgerardohdez,-1
JAGon,davitnozadze123,-1
hasan-mmma,marengo1234,-1
ArinPal,anasalsaid,-1
Nazar1958,alexfor7,1
Helmut1956,mohsennakhaei,1
farnoo,wasboueri,-1
notjustanoob,venajalainen,-1
supergm1985,i1khademi,1
Queenwicked,Fabian-Tulande,-1
BHphamkhanhchi,BHnguyenducvietcuong,-1
Macabro27,CircassianTobiqe,-1
gekkammi,gekkammi-bot,-1
Sergey041157,Faisal11111,1
duppala,ballsadchess,1
svadimr,Danagul_Aibek,1
Farhod477,arthur55,-1
Ivaan07,E_5_K,-1
Timauri1,A_Breen9,1
basecomaster,ashraf_777,1
tomitau,Zagor2000,-1
mohammedzaky,leauacristi,1
Laure7,queeninthemiddle,1
faust_md,rabadan07,-1
ThePeasant1,pvogoev,-1
Isavr-85,vinz72,-1
chesster_puffington,Mehrsamkhannnnn,-1
idanrara,parhammo,-1
BobMaximchess,FideRatings,-1
herland01,Andrej_27-04,-1
OkithaVR,avemanyeg,-1
pratikk1902,Ayolille,-1
SUDHEECHESS,Baljeet12345,-1
Or_12345,youlacz,-1
jwalker11,Semafor0,-1
daksh778,anarcotangente,-1
Phoenixxia,chessmaster15,-1
Ravinexus,Alekines35,-1
mentepepe,Oso1234,1
Rian1993,old_grandfather,-1
Spirit_of_knight,lamlam_lam,1
JohnDoeSmurfAccount,SerialDrinker,-1
Klim-Leha,Katxupi,-1
Piszczu1,Shiko1995,-1
uz2585,besteverworldwide,1
creative1_boy,Patrick_Karpov,1
Weisus,hratski,-1
loloxman,MalisLFC,-1
mkkazemi,Lesnichaia_Rimma,1
cleychar2,qwopzm,-1
MTH45,tilight,-1
bobbbbyace,tricolor_corgi,1
Baad1,anibekauri,-1
kazuosan,MeNootka,-1
Rayan_R1,kianosh1350,-1
Raja_yadav777,Fatih522,1
aviktarafdar1,AVB1955,1
Minollo,maxximmillian,-1
svarschik1,bobchanskiy,-1
Scy-laxx,kicapjalin94,1
normanl2a,Mohit24,-1
Fairy_Xin_X,Ferxy,-1
TNC_NgoHoangBao_2012,,401
Alexgear11,,401
Catties,Sergei_Tarasov,-1
Alexander_Prinsloo,sacapus564321,1
silvia_sissa,RickyyM,1
zarineluonICE,Posedor,-1
Carolus16,rum44,1
sunfour44,Deamaker,1
Ollio,dacanalr,1
EChessGeneration,RenaudFraszczak,1
maccabhoy12,fedora0504,-1
Notacceptible1995,renzoned,1
pengzexu,dsk3001620,-1
omoki,chess_nbg,-1
Ajith_23,rishaanv2016,-1
Konst4ncja3,jineshsharma,-1
sickapartment,sheer_cold,-1
SAULRIZZMAN,ahmetkrtssd,1
Vetal_Metal,Stormborn_3,1
elny75,skatewladek,1
aynof,DanilKim11,-1
luquitas10,adi41champ,1
radmanheydari,Tolik_76,1
Convexx,SuleymanVolt,-1
abhbear,mayur345,-1
igmmucarpov,Zolarte,1
lobomau89,korenander,-1
Adriano_CheIentano,Wistarie10,-1
milvad,SilvioPorto,-1
Andewu,Frankie_Richmond,1
DrewnoDrewno,nurbek1881,1
surmico,erdinbraimi,1
Crab2709,kueaff,-1
swapnil0220n,cjm3,-1
FranzHerzschloss,avandebr,0
melenasita,Zacotes,1
Nazar_05,Alhas07,-1
BrainId,doncic77,1
Tesema,,401
Profesora_Alexandra,,401
swellguy,miska5454,-1
KnightMovesLikeAW,rodrigodarchivio,1
RobertSmith,catgirlwlg,-1
ShakmanovShamil097,sonheu,1
sdfghjm,vladz8,-1
EfeBerk55400,ozkangg52,-1
shojjati,alordslums,-1
AhmetSemsKilic,uydu06,0
marcinek23123,sesiz42,1
Lord_Yahya,onurzidani,-1
vincentmasuka,OO8_KTLC,1
Vladislavs_Gorsanovs,kari_eb,1
rizzk,danmalis,1
Rama2Vandama,FaizanRasheed,1
mindstone34,Exi1e,1
seedorf19,Pizza_37,-1
fohaal,Elisha1914,-1
Latar555,LucVanderberken,-1
pulquijuan,tomasticot,0
Yuan_laureles13,xaxo,1
DrDwettoDr,Bouallague,1
Standin_Batatritz,AlinaDg09,-1
AramayisKhachatryan,Liboztrowsky,-1
MANE1228,Peesyn,1
Le_petit_diable,jikes443,1
OSWALDO86,Pawn2King1,1
jvacc,MegaSigma,-1
Nuriy174,kmoti786,-1
Noam166,,401
Chesspower1,,401
abbas4404,VigneshSoundararajan,1
clemerfernandes,Zezecaa,1
alexmenzorov,archbld,-1
Ian-Shireburn,prapti2022,1
linux007,mslarein,1
y_rezaei,CorCal,-1
midhununnikrishnan,inter_64,-1
ShaykhutdinovTimur,Zen_Zephyr,-1
BalaAfiada,peonincisivo,-1
Yonal_SS,abrorjonovna,1
Orlando_Nogueira,sfrizzo,1
spandula87,mathurashrestha,-1
BraveChicken,JonathanBel,-1
Theobel,giannisdallas,-1
abbotsuger,regressiontothemean,0
Telegram2022,magnum_cross,-1
gabotsito4,liLBus,0
modulofree,,401
RaminTheWolf,,401
Fischerforever960,sodon84,1
FuryFlux,Izahnazri82,1
Rey_Gustavo,Curavacas,-1
HoangLeHuy2014,rainbowstingray,0
cool_calm_chess,scaligero7,-1
jodferna,IvanKhvostov,1
Jcosouza,figor7,-1
rois26,jatiwidyanto,1
AaravNadap10,tigu_dave,1
Joelchess0808,Rapidwurst,1
Asmitakhan,S_Alexandr,-1
AnikaReddyg,Tulius_Venenus,-1
Angkol_Vakz11,KORSTAS,-1
ForkinProblemz,timboc,-1
Polevi,Leonidg,-1
CHRISTOFAKIS,Bluffen,1
gambit83210,kemEg,-1
samanthahenao,MisaelOrtega,0
pmate6,CSR79,1
indiegolf99,britam,1
Kanu_2013,Rosaltor,-1
Naumchik-10112007,Marat10z,1
eight_squares,dizzyprotos,1
mu29quci,dumisan4321,1
Osamamansour,JosephGaluppo,-1
Depressed_Chump,Arielsandoval_1974,-1
christopher2022,MGPT,-1
delfinnnnnn,HamoELZEKY,-1
andrefaug,Jfrankvc,0
Khanhdpg,simple_tactic,1
prvsomani,shady31,-1
Kocica56,laribi06,-1
BEPCTAK,Braveheart96,1
Busiiku,Nogiitsune,1
Tharunrockz_7,gaaravhinz,-1
JDSerlo27,bonzaiX,-1
tifa222222222222,CLUBcheckMATE,-1
theleoman99,Alet9,1
Janarbek2015,Malieto,1
Saeed_hoshmand,rezap95,-1
Mina397,Robin1316,-1
dirron,davidrourke,-1
jayasaketh,mustang2050,-1
kos1929,slave1000,-1
sentex1,YALON770,-1
Mrsetting,jareckis_1,-1
AlekseyFilin,oleg1950_06-s,-1
puchunguito2,tigram2600,1
JoseRamonLabrada,as3di,-1
Zvezdogled,Starvasa,1
NikolayChavalah,BOXO1979,0
adewale1995,pablopxp,1
IvanDeMachette,JGobin,-1
AnshulSinha,Conte3,1
DieWespe1,slingertje,1
sohum_shah,Shlok_J_3,0
Jakotik,jerick17,-1
BaxSTALEMATE,harish1239,-1
crozenblat,EasyListener,-1
XXXMilkaXXX,babiller1234,1
hAssassinn,carter777,-1
ut_lmfao,Ahmadshaab86,-1
Metehan_Kadim_Turk,Biomorpheus,1
Fly91,cinqneuf,1
Aravind4ever,Salvadorz,-1
Felix34470,MaximeAK,1
skybi00,Der-Jaus,-1
JustOneBeer,fault_tolerance,1
carlsen-murat,Niksss2023,0
Patty-Ente,Meauthy,1
MSavior,naikpro,-1
Ihhhddd,deepsqiud,1
ottersystem,Giascacchiii,-1
jader997,alben746,1
AGUSTINCN,Hedgehog33,-1
kartikey86,farzinj,1
California-Chess,user93123123,-1
I_60GsBabyyyy,RoNaLd0001,-1
Tahersmidi77,peki123,-1
furkanaydin64,brbrouwer,-1
Steph92,geobiolgc,1
good452,fabsg,1
HageDoding,davidchokar,-1
Hakomoji,SixDevil-HCI,-1
staunton0302,SeEAnd,-1
IgorGodunov,ISFAN303,1
Shourya_Vijay,Jenderal_HCN,-1
Morinadt,Nikbasters,0
LOL_779,Mistrid4,-1
blancoj3000,DANIELGAMEZFUENTES,-1
jlee96,Levandoski,1
chesskasper,ehrro,-1
Tamannasp,Jithin1711,-1
AK1807,Spr1tz,-1
Aloksingh93,,401
Sebastian-FICM,,401
FAT52,makimeb,1
nigapiga228,carlstromsebastian,1
GuilhermeMilk02,brserdm,1
Smtprime,warenator,-1
haythamgiga,z-shina,-1
OMMHOA,LuisGranCanaria,1
littlekuki,ub54,1
PetarValkov,,401
Vandermark,,401
Opgan_Jr,charles008,-1
mainLineEnthusiast,Mao-XV,1
Atharv2608,nishantsahu,1
Guillaume3,NNBB0514,1
il759YaMS,poucin,0
ElMaFeem,WSdaIgrejinha,1
Timmalich,arunsekhar2,-1
Zitrom,VeronicaMartinez,-1
NorbutayevNQ,mcerny1969,1
vikin11,vejiy,1
IbrahimKazi,chimmywhitelake63,1
GeraldMcBoingBoing,noahhewak,-1
supreethkapa,Sowmya_sri_16,-1
Angelina_625,FABPEREZ_4SOL,1
Esnazar44,Farfanyi,1
TheGlassFamily,Patrick_SantAnna,1
Revanchespiel,amirabbasamani,-1
ejaraneta2,MasterTshepoHob,1
Kartikey_Chess,exploder,1
ShahmeerAmir,imocssen,-1
GormOsb,felipeorteg4,-1
Sputnik_Monroe,alrod87,1
Objora8,guid0z,-1
Edu17,bri347,0
xasanov_ulugbek,gvnmrtbyrm,-1
Snabanesh,mmmmarabo,-1
ashadbubt,subho2406,1
MohamedSha3lan,krishnaKishoreN,-1
Never_sure,orientnorth,1
Arsenii11032014,pacogigante,-1
achempion,Arshak86,1
cergo13,reddog79i,1
Nbs123163,enxezdeepside,-1
AdamZaryf,tadeopro1234,1
MaximGerasimyuk,Genom21,0
Prochesskaan,Blablabla0_0,1
ishdncnjdnfbc,Pain-Less,-1
IvanTr86,OliverFrazao79,1
el_socialista,milovance53,-1
Kikochess,Mensiou,-1
elbarbaro,natsu9799,-1
Matvei_Piruev,DonQuilich,-1
rocky172636363684747,JOELIM2013,-1
harryath,OliverZuckerberg,1
Morningstar_forever,Skyshadow49,-1
EhsanBeckham7,mohammadjookar9,-1
mudavadkargeetey,Gendosik_13-75,-1
laboorasttaa,natehaliv,-1
dunci2022,kaidzen,-1
Sush9j,buzzdujura,-1
feribro_crazy,c4e5nc3,-1
mertbilen2013,Envars,-1
simran_roy,LylSkill,-1
Supertoast,Nacarayen,1
KhristianAnder,chema_valls,-1
horseyAUS,oratioh,-1
fgjhhkfk,ahmadhassan99,0
Jk-witch,Kadyrleev_Azat,-1
esechess,SidiAbdallahi,-1
mathew_vin,erkansahin,-1
collote1,Michal1898,1
Nsikora22,fernandobrabo,-1
Ivano0102,fmunozn,1
bkdp,Gabogoes67,-1
KingDavid0524,BigD3pr3ssion,-1
ABX03,arlopo,0
WindyCity5800,simeoneets,-1
Zsochess,JaviJOP,-1
Namin_904,fish_2023,-1
VikramjitNag,thesahand,-1
Mirthandir,TheFrenchCoachAlex,-1
ThienAnh1772016,Wicho_17,-1
Mulan_GT,edwin_bo,1
theorangepotato,JZEPEDA12,-1
k2op,DzabaLanci,1
PAD66,Anonymous022,1
GlowingSweet,,401
kahraman_20,,401
Medojota,CrazyRebecca97,-1
seanpawn17,VictorAPurizaca_UTP,1
googlecash,holvachi,-1
ChrissThePawnEater,marcus1071,1
zabkrai-75,Geheimwaffe,-1
TOMSK14022024,SOHNFSNMNF,1
QuickReza,,401
derhanf,,401
RaCajPa,Deeuser0723,1
noggis,Kojjootti,1
mihail_d2014,Daniil_Marinator,1
emilianoayohual,ForkyMcFork,1
DogBrainSally,Eric-Gregory,1
roni2015,Hem007,-1
woxinghu3,chess_pawn_3000,-1
josemaria8x864,dejilee,1
MarijnAB,dishmab,1
dcabalin,cakay5,-1
FABRILLACTAHUAMAN,MasacreIrracionalll,1
imvish13,Rikee93,-1
yasin155-11389st,garibmais,1
TomaszR,alexander3105,-1
bidak_catur,n3m1n,-1
Kavin7770,EkatirinKa,-1
Arasbulut48,maakish,1
akhenaton58,johnvz,1
francjanez,BarisKu,-1
bocmani1960,Raafatghareeb,-1
czarodziej_pl,halitkurti1234,-1
plcs7,PapaBred,-1
WGlock,charewa,1
JunhChess,bhchristie,1
Limitlesscard,haykmba,-1
nikas2707,naturalezas,1
MajoraKong,ZULU111,-1
doragonman,ben-d,-1
HugoBoth,VladikIvanov17,1
hola_la,eibfr,-1
JoshGOpps,simranjethwani,-1
GiaLam2013,VoodEx,1
Beshr_Palestine2,Nuxov,0
MmurtuZzz,leo1974,1
AKSHAT6445_KAUSHIK,Magnus_Carlsen107,-1
universal_boss,Norio1,-1
kassys23,vladcabana,1
DrAltayebabd125,ahmedabumowais,-1
Tristan011111,La_Carpe_Khoi,-1
savas011,Compirator,-1
LeonardoCamacho2003,jsilvestri92,0
Amitgedam,ahha-kapehuha,-1
matoXmorphY,Messsi10,1
ElenaDrozdina,GuilhermeT17,-1
JoshRobo22,dekenner,1
J_ov,ZharovPavel,-1
Bobbykumar17092003,mohsenahmadzadeh,-1
Barcelona1707,chess_wizard3000,1
won2loss,seed_time_harvest,1
DocTaka,rubix0011,1
ilches,ZandyCandyPie,-1
sadra_egh,kotokrot,1
devansh_gupta123,amalrk,1
AdriaCl,SL888,-1
Aleks1703,bobif,0
ezzsham,mahukan,1
mcdez,sertvezirci_sahbaz,-1
Crazy_Hippo,xIRexus,-1
CastSoul,Kavyq,1
Souselas,ChrisMat,-1
houserebates,ybuzul,1
zrs_zrs,koalive,-1
tUTKU08,GTRKSMSK07,1
hossein_vl,quique12,1
gagawawa,Ivanoblitz,1
Kallibyan,MissSohi,1
ciredevil,truefrancesca,-1
CengizO,ecakalinn,1
MVG3,kpsaravu123,-1
amatotoca,powerteen01,-1
captainchess2,humpty_dumpty22,-1
AMMN,rishab1999,-1
Viktor337,Crunk1327,-1
Lupada,Nyovest,-1
Flinker2011,Cambo66602,1
Thisavi,FathimaZahra2012,-1
CHESS1487,DrAkshay2020,-1
jwee,weld77,-1
s1bylla,RealGarryChess,-1
Berry4,bakircius,1
kinty04,inzhir,0
CL0D,vladi1970,1
add1ct1on,Kallinio,-1
Cobanzinho,Anujj,-1
nilayg1234,cmyck,1
ravalbrothers232,VPortell,0
Eduardo_De_Santiago1,Mister_Bid_xxx_en138,-1
Agitatorkoba,pranaygud,-1
maardn88,urebe,-1
MadeInPaint,vikash_16,-1
Van4177,lojeda12,-1
cg7214,mathiaslurin,-1
Aldair_190,Alex_volk,-1
mahdadrohani,srg_peper,1
IpotermiaMentale,ahmad-omran,1
Mister-pendru,Zitronenhai,1
Savastanoking,dgundogan12,1
photoking007,Masrysilver,1
Ermolaev_Nikolay,Jahseh-Onfroy,-1
findus550,grandmaster322,-1
adhyaa_c,Yeims_444,1
evgeniigavrilenko,Hedgehogeboy,1
Real_phabz1,Mugi_Chess,-1
zeko2020,alfared66,-1
Aleks_Koc_kazan,adamjimenezuk,-1
pemula_bangetOPG,KingMelchior,-1
Kumpel365,sriraamr,1
Pedruw,badd_sneakers,-1
Yakov_Alatorcev,Dmitrii_Pozharskiy,1
EvangelistaToricelli,rajendranv,-1
plagiarist,Tanish10011,1
David_Chess_113,Larrybarnes9,-1
ldaddy21,vednec,-1
Tristan-isere,Mr_Simpson,-1
ibrahemalture,elianar76,-1
mezopeter,kestrelbirdofprey,-1
MargushevRoman,lauboi,-1
ReyDORADO995,pablobes,1
RominaGalvez201006,CaissaMate,-1
DLorenzo,Casa1010,1
gabrielemiliochia,Nhyllz,-1
SJMidge22,RITO-kun,-1
Kamehamehash,abdullwahedalhilaly,-1
tabularasa---,Defender0-0-0,-1
Chamarox88,powfil,-1
FleezyZW,Muhammadrasyid_USU,-1
Boimir1,julianGarcia_17,1
appllepie,Sanjeev_Prajapati16,1
optenz,hiw203j02f,-1
Jaco34744,parovozov_arkadiy,-1
Aminov_RZ,alex_ast,-1
whitepawnyawn,Elizabeth321-Rojas,1
MilanBihani,,401
davidsiegelmobile,,401
NINJA-Oldair,Averone,-1
FlyingCarrot,Lap-sao1976,1
Medizinaldirektor,rockstar_34,1
Antonina_2700,M4t_t,1
LucasErBedreEnnDeg,Kolyn68,-1
Knight4D,Luth29,1
Mark_Heiner,Souley80,-1
FacuMastro,EmergingSuperCrab,-1
thoroughlychecked,meshmuhammad,1
Jojan111,AleksAlp1,-1
ntsoa80,badoda123,1
Alexej_Cherepov,Yan_Br,1
vacaregio,crackline,1
almer_theda_alana,NovasMove,1
JOSEANTONIOAGUI,HANYURE,-1
duddykinss,Adam_aka_nighthawk,1
Simbahahahaha,LJ25,-1
fanten,fleisch_665,1
chetyreglaza,idrisG,-1
ipe71,serg12m,1
Ruchkin,Osman4242,-1
jodanhaneulkim,ChanditBillyBrian,-1
Juliette-13,Giorg12,-1
mindelo82,yrushawn,-1
dima1509,snehiljain,-1
futurecat,SAMTEE95,-1
SaDaT369,Nandex777,-1
mohaaboeata,Trikimah,1
elmoyzatv00045,NOW_9_DESAI_ASHAY,-1
old_ussr_school,Khan313,1
Nishant_Behera,dIlIp_RaJaRaM,-1
Artemdongurool,SAQIBQAEYM,1
BlossomCat,Elijahj2,1
HaticeNur11200,Ingenuon,-1
Mikhail2406,Conte3,0
alekxp,Mhmd0569,1
ezpeon,Dari12,-1
fredpatubo,CoachMjLessons,1
MusicalOctopus,deepressingh,1
AT007338,wannaQtrade,-1
ArekeArlan,nonoff,-1
Elvistazo,Wilderbeast81,-1
Raymondstyles,mguajardo1993,1
hb1401,Helyum2,-1
AyamG0lek,ItsFakeZk,-1
Smileofff,grantman21,-1
PungoRey,Epojr79,1
bozdemir65,Donotwakeme,-1
Thakshinn,lsd26,1
chesswin2,BorisKhaimonenko,-1
Chess4Aditya,oeystein,-1
janberga,Oleeeeeeeeee,-1
ValeriyUsoltsev,LittleKaroo,-1
Mindula_123,Elbereth-Gilthoniel,-1
xcriss,metallwill,1
EnlikKazakhstanTaraz,romansoldier,1
LICHAD00,ahmedcom,-1
Mihailzxc,InTeamPro,-1
Pabloifc,mcjammi,1
kadomado0131,piedmontconsulting,1
pavelrusakov1951,SergeyM32,1
MatthewBurgess10,SteelMIND,1
vaibhavprana,FanOfKramnik,-1
dinhvudung2012,siddhanth_srinivasan,-1
Brent1984,Quinquinette23,1
TomJuanElRey,Gmeuller,1
batudurak,ChaoTutti,-1
sijojoseka,hemadrishika,1
AdiSerrano,xxMedvedxx,1
avyaktagupta,PCA_Sushant,1
eosfae,MarcoSchoeneich,1
DJvone,TierSB,1
DAGGER61,zanugbisr,-1
Dawamhamed,rajeshkidangoor,1
