user_id,user_op,game_result
bacorr1515,kA-adem06,-1
shivsharma0109,titoamira,-1
pavlfrag,,401
Lakshiv_123,,401
Gatsby29,bty78,1
Delicroma2015,EgorShumilun,1
edua28,karasahin070707,-1
erdbeerchen,grabkoam,1
geraldfernandez17,HeadMadi,-1
SinanTosun55,Liaomin_Tianjin,-1
KNIGHTLOSSEOPHOBIA,syahrul1234,-1
TJ_Woof,Nitishsi7,1
ChessCheens,fneu,1
hug880107,xessmaster2020,1
Hardwired_1018,,401
NotoriousChameleon,,401
IROHphoenix,A_Breen9,1
Oskr27,erkankir,-1
gazikli62,Ali00135,-1
isaac_99,Mustafakabaa,0
LOTHBROK666,kataty,1
RehanP5E2,nik196,-1
VladimirZhuravlev,Abdelrahman979,1
Taicosta,synthCat,1
jasaenzl,watfro874,1
qhDawoud,warash760,-1
a_chess99,RascarKappa49,-1
hahuczkij,ApeTss,1
Franicozzo,Antonio_Policarpo,1
yayuuuhhhh,,401
KINGPRIOM,,401
skatki,Noory87,-1
Guhas1000,Achuthegreat,-1
Nachiket_Paturkar,mara_zul,-1
LeliPol,Sven4657,0
SampuHyde,Q1000,-1
MANDOMan13,ahmad1359,-1
Dannyxr1,skrchessdelhi,1
eduzor,Pm1909,1
FGpaxpYxis,BelkaBelai,0
kob3,jmoo,-1
leethielemier,baselkhalil,-1
Bashevkin7,castleking82,1
pandaha50,,401
dinocup,,401
Calipso1962,Capellannn,-1
kitski69,Casablanca2112,1
Mark140812,Napugayka,-1
eLalcaravAn,Erreburundi,-1
RadojeKrgovic,ton1_mahoni,1
arifhaiqalazman,thrissurthadiyan,-1
En_anjala_macha_ave,alinazavr,0
Zenbty,zefazry,1
KNelli,Luis-Imperator,0
PassedPun,jachess01,0
Moonster,huayra36,0
abeersharma24,ManthanMistry,1
Chessmaker_18102009,SemenPuzyrevsky,-1
tamneck,Limock,-1
CH-189,sibiryakz,-1
Machinetr,chess_e_pinkman,1
younessolgi,Rohannijhawan,1
NamanChesslover,knpchess,-1
combobreaker69,Selantey,-1
phucnguyen3009,XuanDucpro,-1
roma1375,desertmoon,-1
adoneria,BENTLARSENG3,1
mkultyshev,WalidGebril2020,1
jpjoseph,Jats,-1
Vithuna2,SantiRamiQ,-1
vihaanvignesh,Suvarnatechnosoft,1
langtuhungyen,max737021,-1
Teo-fish,Jrawww,-1
sharifzadeh66,janseb29,-1
Santy_GomeZz,Mathius033,-1
RitvikSegan,nazar-arkhypovych,-1
sorkinskiy,jager-meister,-1
E1nherjar,gem1212,1
yusif_2024,SpheSbiya25,-1
bmbng_a,OTBVisualization,-1
Z5_Z5_Z5,affist,-1
Sebenzaprince,kaimba11,-1
a1ashu_30,mehran75723,1
e4e5e4c5,,401
RKNAYAK,,401
Sonapoghosyan,lupshaw,-1
nart22,harrytardas,1
YamanEmirYilmaz,ymrclk04,1
ibadatchesss,maxicampero,-1
alwaysdreamer,,401
ViggoW,,401
AGmedina,ArsMachine14,1
heivapoiry,TwoDollar,1
Disturbed_imba_24,M_hosein,-1
tyum6673,Paran2htus,-1
hoangminhhieu43,sensible_9,-1
Pickle101,Albitrus,-1
sledak2021,theheartsofdarkness,1
curler,sinodAzA,-1
CaramelTastesGood,towago,-1
TameemH,WorldChessChampion_1,1
lakf,ChessStirTime,1
Illuwu,Gandadikusumah,-1
youlostgg,,401
MaratShashkiRus,,401
Anonymous2010_11010,ventvogel,1
FernanfloorealNofake,Schachgame1,-1
vyychy,abdenour1964,1
leflc,HelloKitty898989,-1
SanyaAD,mark_carlsen,-1
Frankokiko11,Chess_King_Artur,1
Myuna,Lorisse53,1
catarata94,backt2play,-1
Balvin69,JORGE_NobleR-84,-1
lsms91,ben-e-whitney,-1
Ildarildarov,Kostya1964,1
llopsa,PKT18,-1
HR1729,nilla_fillet,1
GastonBahamonde,Zolpy,-1
Ffigga,rezakh95,-1
jojojossy,amirh12,1
kabachok7,Abid_123,-1
daeton,sneakpeakii,-1
InverseZottman,Mr_Pini,-1
rospa92,Captainmorgan488,1
Dilmurod05,abumiteb,1
Jemshadow,Dipaolad,1
Ths_7,isco084,1
Ashby646476476,Ameisenforscher,1
LUFFY_UZUMAKI,fighterdevesh,-1
prepare-well,motaz4,-1
volodika83,APA_85,1
loveforwhisky,UberFico,-1
Babbione,Hackintosh98,1
ChrisYoung,Vicrors5,-1
vityaii,,401
rjruiz1416,,401
highlaspd,sandraekaputra,1
TheGreatestowl,ReTewere,-1
Vladimir-ast,PeritusNauta,-1
Cavalier-c7,vlhullier,-1
triplXL,tugaps,0
diabeticdummy,nzn79,-1
AlbinBolle,Mazi_it,1
jasnob,draiochtvisigoth,1
cv_efc,WinWinLoseWin,1
gugamidi,lilian542,-1
Lord_Commander1,Y-18-Y,-1
Cryptoxenory,d45wad2,1
Andrei_2022,Paneyvr,-1
Bauernschreck,AntonioPalomares,1
vlan4ik,Sonbg,1
shen6001,ManoelFrazaoNego,-1
Akoibonn,gaaravhinz,-1
Azmain210,,401
Twixy254,,401
Mayonezek,UDS89,-1
rcetger,Manuelsandino,1
flocyapa,Roma_ch,-1
shiny01,anthonyelbarrio,-1
JTEZ10,Alerson2373,-1
Ramazann4,adam_1986A,-1
Shahriyor_123456,benokareem34,-1
Bercisius,Angottt38,-1
wauchina10,marjijek,-1
julialoscar,SANROCCO,-1
Jorques55,Voyo21,-1
mr_asadnia,Gizmo116,-1
xjesko,maymay777,-1
cossyphus,Lecafe,-1
kaycak1998,Bardyk02,1
Chidambaram,Dharun11042015,-1
Acrobacia,andrespic6,1
Gio_vany,Tima212,1
AmericanRiver,ValyT,1
Srgatoute,helmi-pkt5,-1
Yakupss6534,sixtyfourandme,-1
l_C_E,mariano-777,-1
DylanUrielGB,JoseLuisEspinoza,-1
Ninck7,Hellrider_2018,1
shivangjoshi,yannick_noah,1
AR760,sacrifice-the-kiiing,-1
caglayannnmurat,burakkk7,1
Lovya12345,Madhurpreet16728,1
Ebdul89,Ardaxan,-1
TheOneAndOnl1,Lole-Veli,1
mobina_77,SaveYrtears,-1
Germortal,bertzui49,-1
CrazyRebecca97,alexander56081,-1
Zalyubovskiy,ChesChamp,1
keremtkycl,Hyzzz,1
Polarblick,Nightfuchs,-1
Finley222,LYX1016,1
mcphisto7,kkkaixo,-1
a_NameLess,cavaloparaguaio,-1
michel4547,EACano,-1
Gorn68,GAMBEU,1
avishkarKarande,ihabaliaa,-1
kwixote,,401
akourastos36,,401
Saveliy_Solovjov,krasavchikDanila186,-1
sbabitsky169,skorpion123,1
Shams777,Gorlikov,1
alexthegreatbraz,Julkchess,1
jayah73,Evgeny_Sitdikov,-1
ogbmt,joresem,-1
Karoo61,Sa-1353,1
Atomaniac,JumpingPawnstorm,-1
meowa92,Mohsenkamalinasab134,1
Nighthawking,Novato367,1
shacharsidi,Chessmaster832,-1
Noir619,flandeluxe,-1
Heesung937,chils,-1
malekaahmedd,labalsa-Chess,1
Deepbanik101,sandaljapit,1
Rejecs,MarcusLiciniusCrass,1
Aalifa17,danteek45,1
Sluchev,Josean8277,0
Diyashastry,Xecutioner09,-1
Trauma915,Timka666,1
m_t-N,Babahan1964,1
Carlosydiaz,Qf21_Glas,-1
dim_login,ochicha,1
thistlepruner,javy_alvarez,1
muhtar689,joachimgr,1
elpapacho123,Bow55,1
PaulSAV,SuboczEmma,-1
H434243,Tumokathok,1
ishaky,UpToy,1
JOHNNYCATSWILL,SuperSayian2,-1
PedroDz,Cheeku_Chills,-1
AxelRose,LolOlololololololooo,-1
HossamAdel2020,wheresfischer,-1
animuponi,panpan87,-1
JEOB71,moroz_original,1
ArteMironov23,Juelly,-1
Romario_1976,stepanshina,1
Totla,oday99adi,-1
Crazy4you,BOXPA,1
TomasSosa,kasparik_garik,1
KonnahBernard,owen77,0
princebenzema,juon10ene,1
mayeight,AydarShah,1
MaM232,mxg85,-1
OshodiOstrich,YassaveevMansour,0
flo-mate,Rameshwar22,1
Lala_a,omsol,-1
TotemJulien,Zhantore_KZ,-1
hhhhjjjjdkkk,Jigjee,1
DavisA24,emrah-ylz,1
DuraiNainar,AlasKaPedh,1
avyaanmodi25,Ayansh_2016,-1
bluedcheese,,401
Bliendcheckmate,,401
mixan_yy,naarrr,-1
MosDmitry,dieterbrain,1
thomet,DanGlz,-1
Ngotranbachthang,Trash_at_Chess_123,1
gmshantanutambe,tuhindeshmukh,-1
Renat116,hewei_champ,1
Derdiyok,jhooth,-1
randomshawn,ilfustigatore,-1
dcons28,phoenix_chess_2024,-1
BatuBaygin,dinoarmas,1
Paulz2110,J2001622642,-1
Lighting10,iz_yakutska,-1
AlanaSue0705,Herwig1,-1
jatop,Ale965XD,-1
kouroshkhan1,ZAza188,-1
eumensalamanca,CitizenC,-1
km_H_lthung_2017,AtharvaGangil1904,-1
AlexandrErdakov,LearningchessIguess,1
Sem_2012,Okba7777,0
koyika74,capybaric,-1
zverek,Mervado,-1
Brunaldo7,ismailkayir,1
Alexey1683,Maheswarareddy4321,-1
F94NKL1N,FSan217,1
Marat37,Milana-Yasn,1
the_prime_mover,,401
Aidyn9696,,401
krzysiekstasilas,makavachat,-1
ouietnon,pooria_h,1
Lara2602,tomssah11,1
Daniilb04,Queops,-1
rohit5087,Blackfish33,1
EgoRka_FlagOruB,GERAmini,-1
MicksonXelix,ssubram,-1
Niklaskowski,koko12062023,-1
daremo17,SUNS5,1
trustworthykebab,VERITASICH,-1
Macpillo,lalbihari,1
DobriDiv,eibfr,-1
shivamjnv4,NskRonin,1
vikalpshakya,wonkaa_a,-1
eugenevc,horni700,-1
Mateusz43,kumudkothari123,1
fedesbikes,SergeyKG,-1
MarkFedotov13,AlexandrGuriev,1
Erik-Ten-Hag,Schwachschacher,1
Spider-man-Miles,JaviFu57,0
EnemyEvil,bosstrey,1
danielandres0812701,Galvan_001,1
pouyaaa,wigand,-1
martino_tr,pierrot13,-1
KGjaba,khalioof,-1
soliyev_jahon_150120,ZhenyaSkirda,-1
mahdiar9264,,401
Dahttas,,401
Danya_Black777,bubba210,-1
seamate,,401
RavshanJoniboyev,,401
Excellent_Oatmeal,matd979,-1
Jonny2734,JEAN-CHRISOPHE,1
Anne_Isabella_Raj,joeri3,-1
Anonymous_hacker1,evgenalexmihail,-1
Unicornhanhan,JandeTimmerman,0
kanayua,Hugo_Zane,-1
YoungerTal,Wiktorinator,1
manas_chess_speaks,LeonardoAdrianXD,-1
XadrezMais,Victor524,0
sulamusic,Kirsan1980,-1
omarwael10,gunchess52,1
Fred_M3110,RYRD,-1
deepblue2xy,seger777,1
ahnfoxgm,alecs6596,1
klrmdsn,stbcc28,-1
markizio88,sale94,1
Trayko,jdumagay,1
atharvabliss,JOHANNPROELS,-1
Torfnase,Mondflug,1
adem67,RH1893,-1
Tnjztmhcs,Russell2203,1
CorleoneCorleone10,angryMax,-1
MARCELINGUI,xRupster,1
egeuzunn,E_Andrey71,1
PAXA9,Ninjamario07,1
R0TTEN_LUCK,Haggard,-1
ramsanthosh,Rewees3wni,-1
niketh1990,Chessmasterblr,0
Rodri1234567,DanniMayte,1
SABHmason,andriajinjolia,-1
Nanduhere,iv1980,-1
Paris070502,Behemoth21,1
asyuta-kam2318,rozis,1
mz0,Tahaned2015,-1
Mannsi13,yummyhat,0
DEFENDER500,KingChrisVII,1
radvinroshan96,G0dly-AurX,1
EmiA01,dannuta83,0
okashnik,klknv,-1
XMedAmine,noelebuk,-1
TrCagdas,AdArdyanAd,0
at-fil-gorilcik,jobuuu,-1
negan111,surfando,1
erendeniizer,jst-ply,-1
dreamz01,hiba000,-1
Prince742,,401
Mohtadi-zenaidi_2005,,401
bhadaderakesh,harlo,-1
Flaviojazz,CRBrahim,-1
ILMALONE,cs43,-1
RussianMaverik,kaye86,-1
katip7,KnightsRebellion,-1
Hidra777,Tasoul,-1
Stas_1991,mat1174,-1
JoseLuisponce,ORJB59,-1
Xuesha_Nighdelk,the_gingerbeard_man,-1
jdbusta94,Naser-7777,1
AlexeyLeo,VitNik8,-1
nisslium,Macarraconestilo,1
SamTaxir_59,edosmera58,-1
Bella125,FORTUNETLT,1
SicilianQueen1,Anur_Kayupov-558,-1
abul_Khaer234,OrlandoH1601,1
fiftyshadesofshivang,A_Breen9,1
SST_1978,heavyhansen,1
CapaMent,Kirsan1980,-1
DemoTeam_2022,RodrigoMPereira,1
up1rly,shiko2211,-1
ANATOL-56,mo_ghaly12,1
Pankajcss23,Sakinoza,1
Gargyl,LOUISSBRINI,-1
NAVEEN_NAAZ,Kandan11,-1
Borja10,maroblesi,-1
nooch0198,Quegon104,-1
Ivan_IKS,jmanette411,1
staryyknight,balutkardhruv,1
champion1972010,lasker4548,1
braxton,Andre_region27,-1
Tamim_Ayon,dajohnny007,-1
BananaSonic,Ufeuff,-1
Rahul1620,Daviborges8,-1
BLACK_PANTER21,Mikkel789,1
AliiAyman,Hansl123,1
ABN1362,jorgerfernandez28,1
Pur4b,fight_club80,-1
ArdaChess123,IvanPavlovichYu,-1
kinghulio,zrfrance,-1
Nyx_fr,ARK1984,-1
Schachtiger_OH,Sureshwaran,1
schachperu,Atacante83,1
TS2013,avijitmidhya,1
bouddha2018,fischerxD,1
Rei_junior,gyodakyan,1
Kartikay0806,Haremhab,1
Alepuller,bepm,0
ahmexx,i_am_nooby,-1
xJxSTORM,rezasalehisalmi,-1
DrProktor,ficherf,1
Dtfu,Alex_ccjc,-1
Draddla,conflagrant,0
Bjorn2468,EkaterinaShc,1
afafrg,limcesar,0
oraimo47,thaomerr,1
lemichessxd,sizzlie,-1
Chess5DPro,,401
Mohamad7a,,401
shiveand123a,SheershRawat,0
LevRiv,MaestroPifador,-1
CB_ReyanshK,CHS-PRIYAN,-1
FabioMande,Skavy,-1
arsam110,saa_dd,1
Kirjusha2016,Late-Night,1
ptouch,lord_of_horses,-1
Sergeydolgov035,Mitch2016,-1
Dennis1982,CRenatoJLS,-1
andre_fischi0n,Lubitel05,-1
Nillet,Peratia,1
hberk03,Andrealotti,-1
Flowx2990,KnighteeKnight,-1
Dimasindo,Grigory14,-1
Attack_Pawn,Thrythe,1
kaaneks,GabanX,-1
Ajhad,Natali_kri,1
IoleM,polhpool,-1
Kasparov-Maroc,Advclf,-1
BALAJIK,kapi1367,1
muzovicky,Nallajtedef,-1
LillianaAlvarezme,,401
BelyakovBogdan,,401
Arseniy_Antipov,Nikita_1207-14,-1
kenaneyvazli,Msona2013,1
Joaslovesallah,Canadian00,1
tryharder17,BerdugoAk7,1
AlfredCharlesjunior,RuisKPG,-1
ILAVARASAN_OFFI,zurdogalvez,-1
therookienumbers,Aavelez20,1
halwapuri00,ndamutm,1
SpeedyGonzales7,StrategicMindMaster,1
munif_taz,proffesor26,0
vvoix,VexdehodGAZ,-1
JermaineEzra,caballosdefuerza,-1
Diyapatil1234,R3w1nd_AUT,-1
jorge001,,401
vinitapatel,,401
Abdullah90909090,bury-21,-1
iknowchess_2010,yellow3to3,1
Chess19348,papo1984,1
EasyListener,crozenblat,1
hinds97,Siddhesh9,1
Anton555555,LeRatduNetwork,1
elord41,Ray33,1
ABYHA,Abede7,-1
Emieligeter,sadimat,-1
Ji_rafik,charguerman,-1
Ostrazzo_78,waheedemam,-1
gyoergy,kozorez65,-1
birch_please,satanichousemaster,-1
hosseinganji,saidov67,1
lucky88888888,meninoazul,0
Aryanya_dav753,aks_mall08,-1
pesetasstrokes,Mzuzu1,1
putukayana,adrian_s123,-1
kamron_12345,megamind_28,-1
AlbertUd,KingGarage,-1
big13,moundg,-1
jocar06,niklauskus1,1
juanmanue13,angmar01,1
vikrant17,Bi-dysar,1
usmanovmadi,jangir52,-1
Vinayak_kedia,thegoldennugget,1
magamba,Nasser1975,-1
martinhrvn,MohamedSobeihy,-1
matus_carlsen,salahshikho,1
Malek_Mourad,billyz,-1
BruceMathers,Ser_Mik,1
AverageTexan,DesertStormCarl,1
LuizSergio,nico3749,-1
sohitsarvan,sirac1479,-1
why_am_I_so_good,Tigor81,-1
Flavius007,Lion_beluy,1
panbingkun,khued200,-1
Kenncelot,Terry_Reaves,1
Benjamintheking,QMaster_BobQ,1
Ujjwalmarwaha1,Ashkay60,1
chahinskandar,hapouu,-1
perry_d_best,Raboudi-Yassine,1
Scared-wertyhg,Barbaz,-1
Lan_Noobie,Verzakova_tatianna,-1
Magnus_Karlsem,Dragonsord,-1
mrshahbaz,Supersaiyan417,-1
jorikoen,Tatjanka_chess,-1
bodrezkome,presidiaro1728,-1
suleymantmdz,Jay_MJ_529,-1
si08,somnuslevis,-1
SalahBdr,r1venmonsta,1
gergo89,MoreBuddha2ya,1
Garrett0,ColeS5,0
Tf1Ajedrez,drcbturtle,0
Vihajaisestatulesta,Evgeny_Pristalov,1
Zacharij,Jonnywolf,-1
shivanshbaranwalbth,vthakrar,1
paiall,alisssss,1
RNithish,santiagoedlp,-1
regmisha,ferch8,0
Happyguy412,loungeur,-1
Morijiro,I_Javert,-1
YouLoseGoodDaySir,erdiegales,-1
Exstermin,mhd611116,-1
coffebeancat,M_D_C,1
Pup_Aliaksandr,andres_cubides4,-1
vertex4,dafer123,1
supercoolbro,Platiny,-1
NicoCharp,Kozmosz,0
kikoraho,zelenizub1,1
oluwatemitope,Winnie54321,-1
KAMC10,Wetparty,-1
Dushyant_2015,DpaKoH_Russia,0
didaydidayday,nabelkamel2020,1
ildolphino,mhherranen,1
Charlie_03,Pakrovejas69,-1
MoughithKh,guerrerodelajedrez,1
Luleka0804,verixa,1
Eugene_Xo,SlackBtallion,-1
Reddragons-118,Rudra_Patel_Champ,-1
chessgirl2323,boets_4,-1
Matatello,olgerlopez,1
brcnalbk,magisterjk,-1
chesshooter,MrSolo,1
Viola24,Justin_jk,-1
Chessmath1923,xgirit,0
Kinocart,maythe4orkbewithyou,1
vibhus123,Reflex_24,-1
Winman3,hocammat,1
Knyghtryder,pan_jawel_02,-1
Vladimir675,Chisomomwale,-1
Salimm,Nkrotzer,1
Simonishvili_David,EgorMinzh,1
Rarewon,mila67,-1
kostyayatsok,M_Rahmat,-1
nkivin,timc95,1
jeanlk,Gagic,-1
Atherlos,Ecochess1982,-1
cross_online,xbinamschwitzenx,-1
Golchehre,eix10,1
Lelouch12325,Sergey8516,-1
choboss,Keolot,1
KOTEHOK_Artem,Danik201115,1
Trinidadajedrez,raimundochess2014,-1
Wojewoda,Dens1977,1
ilovebbc02,joepske073,-1
Excaliburnixon,BigD2k,1
MrNeutron,Palines,-1
arinaboaug,Vyaceslav,-1
Delicates,Ashraf1992,-1
PorelsuELO2200,brayan-paco,1
rafaildk93,veselukha31,1
mtk1905,LYD0MAN,1
somyeong,TheNed23,1
JohnnyNewyork7,RobertSMK,-1
Wido_die_Eichen,Tobyy86,1
Atahannder,ibrahimbs12,1
dangkhoa159357,walewenjean,-1
FatherarsD,Saslan7,-1
jeninsonmar,zebrafisher,1
Krespov03,alkoni_arfa,-1
UDFA_FTSH,Plomonadador,-1
Wilfredo_parraga,makibao,1
AliLah,kholio7,1
JeffveGoneWild,Insert-A-Nickname,-1
LeSindi,Dutrombone,1
Bobby_Knuckles,back_2023,1
Agrli,EQC,1
iceRNGR,DorianR,-1
dr_attack_6385,luffi_king,-1
MathiasMaurer,Thew0312,-1
igoruiterwijk,Stan43,-1
Alpha_Stefy7,Christeckh,-1
arihantsingh17,ManalAlashwal,1
Romanmuhtedinov1105,ivmaly,1
DrhussamNoob990,maxinista,-1
zecriquet,philippe1971,-1
Shaurya_17march,Sharad2013,1
Reda444,LightForest,-1
fahr_i,SantoBlue1,-1
Chesswormi,T-bo,-1
mahdiyarkhorami89,GeorgiyGaga,1
PazDima,HHF64,-1
Nerevar4ik,samuel877,-1
pavelT777,jinkyjim,-1
SUJITcham,Gremium,1
DeanCervantes_4PRO,Indro88,-1
Sosimiloo,gabriel_benicio,-1
MelexinaValeria2014,Neira1983,-1
eren3543,daclause,-1
rainyday2023,ossymatex,-1
nlavrukhin,eggmaster123,1
gimiha,charliehorse55,1
fodklaus,iomlv4,1
vkp88,moreu,-1
Zainmohamedfarouck,plamkata2506,-1
mzm21,seppohovi420,1
one22,schmittla94,1
Grinch123-94,driver62,-1
li_6733,jzaib720,-1
NURSTAR2007,orndanil,-1
jiantnoob,billodi,-1
Fredgustis,Walid_SANAA,1
Robot_CHF,Boetik_mc,-1
wrc,Magico_romantico,-1
KE0742098410,D4chess2022,-1
he_who_conquers,Jlaratorralbo,-1
Ethelzino,,401
aris77,,401
Thejeshwar24,,401
Xilften1,,401
anthony76504921,dfdfdfd888,-1
viethammbariyer,malek836,-1
hamza190578,gamyon,1
ridvan91,aleksig,-1
roryoc10,ehrenberger,-1
GeraldusCumbrencis,knighty_mighty,-1
Samuel_2014,ayc45,0
SmiteSnipez,,401
davidderifield,,401
ajinderpalsingh,Krissense,-1
Amazing1017,Stvit_Set,1
Derek_Evans27,tuviagrin,1
OOKOWUOR,farraso2019,-1
therizzlerrr,NickySticky,-1
StpCable,kapp4,1
Andrii_Paluiha,sackjeseech,1
Andrey55555,MasVegas,-1
Zxcgab17,Otto_Hall,1
golubev-mk,Murad_J_H,1
vegardhaneberg,HHOOOO,-1
DrEagleeye,vaderkvarn,-1
SimonBucci,Samuelufstrike,-1
dani_sangab,fredomixer,-1
Qumara,rdsbrz,1
eRaPazh,AlexeyPanichev,1
IBM_RamyKamar,Heshammohmmed153,1
Sharvesh_Vijay,supershark76,-1
vikundel,Schelkx,-1
eldesvendadordeGMS,capperuccio,-1
Happychessbloom,jobil6ust,-1
RjforeverChessgoat,Alex_Muss,-1
Mr_RUINA,Bougo,-1
Asimoa,Finoprem,-1
rhizomefriend,AlfieH,-1
ianroypinlac2,KunDenSangma,-1
prathameshnale007,Hex1000,-1
hari3073,patrix-reloaded,1
daniyandy,MomenM,-1
Depressed01,morteza0521,1
mhvh9vds89y,rishabh-yadav,-1
baqar_17,mehmetbozkurt8,1
just-chess21,Youleloveit2,-1
Vand1esel,carelesspawn,-1
tatomunoz,HECTORAQUINO,1
Dany_Kots,vaazik,-1
Semyon538,,401
mariosanchezzz,,401
vinvin69,daneliaxvicha,-1
sonymanif22,dedbaba13,-1
piraha,Abylkasymov,1
ssssss1233345,Danielfperezp,-1
sargamo,fredofredo,-1
Coneill1774,uca1959,-1
khatwa1,Semujju,-1
Efsunkar00,chess-master08,-1
nemphan,yellowhan,1
lamppu5,wangyichen9339,1
Ziya-TR,DabDabych,1
FniktorSchach,SPUTNIK02,-1
JimPap602,Sergeev_vitaliy23,1
walidox_1,evosud,1
champion3331,roberto1george,1
Viditgujrathis1,nick102422,-1
moukkamainen,TipoKonditer,-1
vladimir13031956,Leopard99,-1
alexey064,jt3010jt,-1
Ilnar-2013,Landyshka,-1
Isaac375,MalcPawnpusher,-1
tankthinks,Friedrichzwa,1
A-Glorious-Purpose77,RoNaLd0001,0
webcache,Chizzy2019,1
Ssarwar,samuelnk,1
rldls25,sergior2021yn,-1
Aravshiv,bossCatur,1
oscaray,Pavlogradez96,-1
jasonhokuo,ilko54,0
batoolnajjar,YG66,-1
Nackenpeitsche,Gaber_Gad,1
gacman,Saroyan_Vardan,1
alizare12888,shtz45,1
l3atu,IY-1106,0
mbcenp,Yagermeyster,-1
CharlesCoquilla,Mango510,-1
Lino52,Perrytaylor,-1
DDiamond1,anonymous64,1
Temo_Kurze,vvv67,-1
kartrait,MAKE67,0
armanserrii,LorenzoD24,-1
Xcalibor1370,Yeti810,-1
ABHIJITHPRABHAKAR,Ahoon1,1
PavelSH08,sean_ch,1
JordanCarlzen,barca2021,-1
munirh,FNORD69,-1
Uni4,juanzs25,1
chubizard14,racielmi83,1
vengeancewarrior_01,waterphone,1
mehrdadsofi,ABHISHEKDESHMUKH74,1
retrojet,sbudiono10new,1
MrQuax,Shahnaza,-1
HW85296,Aurelien0025,-1
Antichesskiller,Emir4234,0
herr_furb,IgorZub65,-1
drhuda,Kirill_Don_on_Rostov,1
IzyaKatsman,PeterMG,-1
ej_1000,PegasusWing117,-1
AlbTaMar,cavansit,1
Bigbur,andr92,-1
Pak_Dirman_Ondonk,TataOgryzka,-1
Satyajit99,NourMD,1
TheRookMaster7,noelpunn,-1
JuppJuppGo,girlsmodelschool,1
omid34100,mohamad3410,1
Kuba1Zubko,dennysaquino,-1
davidJPK,Achan_Smora,-1
LouisScordia,sansrini18,-1
WaitzJack,Phomopsis,-1
Amirhan-1985,Mamadmetal36,-1
mete64,Keyvanfeyzi,1
LargeChessBig1,Baralex2021,1
NikolaDubovik,Sasa120130,-1
TuanBach2k2,apsampaio,1
Seth_Harmon,royalmed,1
literaturafantasma,nowait,1
kertoskopos2,Sl1mp01,-1
Harshal4511,mxsmile2,-1
Hearth3,matan1111,1
mishanya0211,BulatMusin,-1
DDrogba9,Arash_kingg,1
majidZzz,janesk,1
mateineagu,Deei,0
Sunatullo,aymenhamdaoui,-1
molodoykaluga,riellea,1
Ani12,UncleClode,-1
NSoumia,KtownBeats,1
saifal,whomst_gambit,0
VenyaP,,401
niharika_kulshrestha,,401
Jesuswithsunglasses,puhkin,-1
yted,stifler23,0
AZE_MaFo,zahran_tall,1
ShanthamGrarks,Childish-Eme,-1
jajahbtr,DarthRevanFromCorusc,-1
MakhmudovRuslan,karde60,-1
meru9em,Yogesh600,-1
delicex81,mixail31975,1
Atom1324,Hustleer,-1
Artemka19,VladislavArtemiev1,-1
eru728,Kry789,-1
Abs53,VA1975,-1
abhiruch,JeromyV,-1
A1bus_P0tter,Evichitho,1
Artemo4ka2014,SidewaysKnight,-1
lexxandro,zefazry,-1
Piotr46,Lapindiz,1
Mikesssss,samarthsomani,-1
gersht,JunkieXXL,-1
fifsandnics,dalboris,1
purvaj310512,chesssrkn,-1
ezrasia,Hit_143,1
hobetto22,Grisu1971,1
Juancarlosp64,oz-chess,-1
galacticomalacio7596,Mix56_38,1
MNadzimZ,,401
barhos,,401
east_w1nd,ruis123,0
fingoldo,chrss216,-1
dx_l,khaliditsky,1
Trillaco,leonhard1301,-1
jlcanale,Mischuk_D,-1
Borhu0309,centdsutsou42,-1
pradyumna123,RM1540,1
madbot22,kaspwner,1
DaweedHo,Anatoli_Gallov,-1
Zedatiana,Mirco1958,1
AHGEL,GabrielGoto,-1
jmgm,hromserg,-1
himmet20,AliSimsek,1
Leond27,cristophera21,0
arne_eta,thewatariii,1
ARMAGEDDONISHE,nasticus,-1
MehrshadZIP,peterboy,1
vihaanbagga,WWIIISoldier,-1
liebeimspektrum,wrookster,-1
stutitiwari,PrashantPandey1234,-1
Hackschack,Mustafa-Gokpinar,1
nibbix,Aragorn1001,1
achezz,Jettybitty,1
arican_cinar,mm335,-1
WillisTheWarrior,nonongrael,1
flowerofheavenmct,divachess,-1
coumbole,Supermatechessjc,1
Karpuhin-Nikita,Gena2010,-1
al_fawaris,edmondaj,-1
WSananaSW,DJEKA_ZLO,-1
Abrahamprocel,MUNOR60,-1
graanfer,WizKnight,1
sauravvyas44,Maximum925,1
Lesteramschess28,BlueKnight22,-1
satanicuprising,IntegerX,-1
merblkn,gambit0402,1
albertasis,Bazavov,-1
RomaStudent,XADREZ57,-1
Ar3a,NutBoltu,-1
SchachJoghurt,chess98c,1
Excalimaz,etherbleeder,1
pfticas,Ry1975,1
SpartiateDesSteppes,oticMJ,1
alanjoshy163,s_m_sajjadi,-1
capov1973,Igor_Gavrilin,1
Ankitakshu,chessavenger31,1
amiralikhan,mahdinajafi1956,1
RRR20,lastdancetonight,-1
atcosennu,ignaciuk,1
palip,mamountahri,-1
Tigran281190,sosochauchidze,-1
Aadit2023,antoniovaldez,0
Kirgiit,perder_es_ganar,-1
P_DR_0,jasso007,-1
andresramiriqui,noquierojugarajedrez,-1
Sarveshdev01,datiljlj,1
piyushmodi25,fima912,-1
Hast123,Pikapi018,1
Nikamma,ToledoGabrielA,-1
Juhispetteri,,401
pineapple999,,401
soheilsoltani91,Kifonam,-1
Armyn_14,King_Jesus,-1
Funebrero73,Jfriendship,1
IgorAndreich,Gordeev_Anton,-1
TanTheMan7205,mgarcia79515,-1
Cyber_Panda,kingkroool,1
RBCrazy,,401
Hassanadelll,,401
ajedrezcosi,Igor9999999,-1
Bobby_Fischer077,Jhonny_Jhon,-1
Mattiyear2021,Sunny137809,-1
william00053,scorpi_06,-1
blunder-sam,abcalfa,-1
zzodamo,luisalvarogomez,1
Cyphus-Daemos,Calivend,-1
rookvsqueen123,dark_thinker_390,-1
Amphibica,okeefephil,1
TorsHors,PrydunAndrii2004,1
NewCheckmate,hussain9Talib,-1
Gnosssienne,adul_l,-1
MtroAdan,ANISH0000,1
newphillyman2003,Eduardolis2,-1
DNA-h,Pr0sper_1990,1
Might-Duy,GuntherJemtzow,1
orodrig,Jyaniz,-1
GmmGNodirbek,kalavera017,-1
Pilot872,Alex_krd2012,-1
Menstruathor,Farsadan,-1
Kausoma5486,sandrinebruno,1
P_h_e_n_i_x,BVA63,-1
AlexGo1l,fhfjhf,-1
artur204,kaleshnikov,-1
yousefshamel,wiolozaur,-1
Thomas150,GregorUTN,1
Tyler19961022,Lars2009,1
Diemer85,Lev0708,-1
Revengetime35,,401
ARAGORN1020,,401
frkn35,Pops_jp,-1
shubhbul,xXBestEverXx,-1
minimouf,Sandiman8,-1
GlamorousCar,Eeffiimmkkaa48,-1
NimzoAtttack,h333x,1
thoch,pyhtin,1
fisher733,tarjaaa07,-1
Benno2403,DJFranky,1
momdsamu,Tero978,-1
JonnyMcMuff,AndrewOfori,-1
PorterDennis,Dan511,-1
MiguelGTGT,istra-rovinj64,-1
DanyaShar,VeseovChess,-1
Garripluha1970,Dabeastnva,-1
Ritam2012,Jhavarun,-1
benies7,AdvaitHarchekarVCL3a,-1
jandinho123,rds1979,-1
AaronCBurke,rainroller,1
Dpmendes,damir_valiullin,1
Harsiv_adithya,Spr1tz,1
Chess_Camel,MisterQ60,-1
Sioulsemaj4891,sasfeszek1978,-1
mcitran,KnightAssassin1215,-1
Cara10,bdchmie,-1
ccfrubi12,Lazonegad,-1
tkksap,NOW_9_DESAI_ASHAY,1
moromi1381,soap_617,1
pepevive,Forreva,-1
kodshahmat,AkaiKenshi,0
varalakshmi2012,vonsgoated,1
Alvi_27,zyavaegiev,1
stefan2709,pacotilla999,1
zdmr_mhmt,Juanoune,-1
dazproger,skampesk,-1
ApiYo,poncho54,-1
Bisnettinho,Jorgeor,1
poster1890,EDAgura2017Tugue,1
WouterFR4ever,RawiW,1
mariomunoz,Mohamedelbadryfa,1
mynamesSerg,sajid2001,1
Tanzirok,Oleg555-o,-1
Hino-Kami-Kagura,Poussin06510,1
bayepo9779,simpfor2d,1
azjargalaltangerel,SeNKo27,-1
vishybatu,MagiciansGambit,-1
Az437,Damis923,1
Alwego,,401
lokesh_1,,401
DrawsKing,jackymichel,-1
Gruppa_Kr0vi,Gaseema,-1
cubeAD,ashfaqahmad,-1
Dvenkatesh,psychoplatypus,-1
Natalya1992,sobakaPozirnaja,-1
z49910150,chernobyl_zone,0
FeTTe_MaDe,OsamelyPesec,-1
Roman_FaKonov,Jesuosb,1
romanaparin,HydrogenBondz,-1
Philas01,arvindraja005,-1
Jeremyzy53,Mr-ZeQ,-1
DrAbosaeed,vermic,1
Sun_REmo,ILHOM_AZIZOV,-1
Henua,amirmohammadjabari47,1
hdmmalauredopd1,Splaza10,-1
davidmartinez210374,cyber128,-1
Underground-Queen,MeninoVadio,1
Arina1228,PetranTigrosian,-1
ujjwalbohra,Moonn2007,-1
davidjguillermo,Future_is_now,-1
Ammar_Aryan15,muhammadadam12345,0
AIrinaV,Eselzug,-1
Vollstrecker9978,KualaLumpur1989,1
Bugay,LorenzoPapiano,-1
Rory10Rory,bryceygordon,-1
Jbyrd11,TarekAzizieh,1
Empty_space55,Boris52,-1
hozerman2024,Yu-Gi-0h,-1
Koravar,Jackhuna,-1
kobisphilip,LarsiGoreng,-1
watsapp720,Chezty,1
EmperorAce333,Abidin1979SFR,1
SohamBhatiaZ,shakss07,-1
Mnofy,shuvo217,-1
Helium93,tshedy,0
XDewInfinity,Anton_tops,-1
AndrewK47,Chess_DC,-1
XxX_GuCcI_GaNg_XxX,SmooL55,-1
MrRedwest,chessopper,-1
adrielom,walidbenmbarek,1
ralamy1,Dr_Cooley,1
bluefalconnnn,Zyrixter,-1
Erich93,mixjojo,-1
Dokumaci,DhruvParmar17,-1
ivoptk,rockolo,1
rachid10,Cumback52,1
Valen14,dursdems,-1
matias7878,quanelpalestino,-1
AJDC248,FelixDeschamps,-1
kudu6161,yldzapo61,1
Nirtobb,Upi23,-1
ZeRitoS,blueberry7,1
Khaled_Green,salah65,1
PrinceBR,Samsunga,1
DjangoChess07,maadrian,-1
Aharav321,erikvanloon,1
BallamaUstasi29,HUSH1201,-1
Alexandr_B,Swara35khandelwal,-1
MohanDosokey,PhathuB,1
amsterDAM12,TheBleakMidwinter,1
LeSpix,MMM1957,-1
wkdgussugdkw,Pioada,1
prizrakmonaxa,taco1220,-1
KingZ7,Paloma2000,1
dominik-hd,kazemlotfi,1
javdu,Zti,1
matthewracing1,,401
Artifook,,401
TriceratopsChess,shravya11,1
Mikhail_Sviridov,Mr-Yugi-Mutto,-1
ROBNE,jmurr5,-1
karls2986,Alexpzh,-1
Nehalkro,JanWendland,-1
Lethe2,spopkov,-1
Amirkhani1390,ArneJ2806,-1
VSobhitharam,Sergey-26-04-1985,-1
felixftw10,ashmitrana,0
Maxim_Chebotarev,Jayco88,-1
Bezraa3000,fokestogaming,-1
B757-200,maruu_h,-1
St_Chris11,barnstormsky,-1
ZError,HabibAshi,1
Gizemli_kaleci,,401
ih1k,,401
DaniFlow007,Rojercer123,1
dnlsjtmznzl100gg,pcpenguin,1
hero2005,skorpion123,-1
Jd48,anastasiei,-1
Lexlive,adhiraj_m,-1
Andyj16,satb,-1
littlemark,levi_jonathan123,1
Semenzara170,mirumen1,-1
I_T_k,Ahmed_fox665,-1
Vulcan150815,MauroCordeiroChess,-1
ama-macaque,smrti7890,-1
alimag71,Anerom78,1
yasa_22,Sultan_of_Sack,-1
serg076,EdWagemans,-1
conan12345ngocan,Chez-john,1
prithi123,sirprawn,-1
Soven0k_10,ercul,1
jusjmkim,coragem4,-1
thehyperthetical,BezVadimaDoma,1
Chess_Prodigy2024,Roidesnobs,1
GAOR82,BishopRadu,-1
Jaji2010,miRishabh231,-1
Timon6e,alyssum,1
ggsbuddy,Drgitesh1961,-1
Fal3x17,Titto29,1
degreez,Dancer1,-1
bananas007,henryfriendly,-1
theoichess,supersebi7,-1
rg_76,blut_engel_rinat,-1
DagerCoo,albertohevia,1
SelakauArie_0,theglacebob,-1
Tal-Es,ynsss35,-1
GAUTAMblr24,Rapidchesselo,-1
melayuterakhir,StasV1996,1
Andpkpl,straightouttaSE,-1
Noob0chess0player,saktitianltd,-1
Kingfuria,LUIS_DER_UNSAAC,-1
teo1966,LupoLuccio,-1
lexychess96,AlexanderFabricio,1
dimka89,TarzanSchweigt,1
lookingfortaktiks,blackorwhiteknight,1
Ygor_Ryazan,rokkinm,-1
AD86842,KINGSMAHN,-1
Basel-2009,aronnax18,-1
Boncie,SPILLER-X,-1
Aled_nn,stanmay,1
solear,mikluha,1
Guru_das,fabio26feb,-1
almsroor11,Hadi_hussamo_24,-1
aouissi-chess,DaiwikJagadeesh,-1
Alexander52NN,Arisia,-1
Maximus907,GiorgosAth123,1
Igoryant,TENGOunCOFRE,-1
quatorze,Bauer-sucht_Dame,0
PakLieLianC26,Chatte1150,-1
Minatavr71,esentuki75,-1
Sanjib_Tax,ottoti,-1
Lubha,ngunguu,0
profesordas,Smislov_Braga,1
Exordiurum,stoneblockhouse,-1
alimzhankz,medou97,-1
abombz,hyeono00,1
leomessi_23,Kaldas90,1
hknod,Daur1986,1
IshmamMuiz,Elmira_021,-1
Abhinava_9578,GabrielaBaloyan,1
tragomago,Kitcampos,-1
HVsharma,joaopaulo3003,1
keenslimcatfish,abwfares1965,1
RichardQuilichao,NoDigit,1
RemAm260,r7em7,-1
deepgooder,SHERLOCK_THE_BEST,-1
Try_Hard_2V,Kostas68,-1
yntenot21,Not_Your_Saad,1
V4lium,Hafeezmhd,1
Mehmet_7,chess_noob_master,-1
Mr-KARTAL,Torito2000,-1
Irbis_zp,prawnX,-1
IzbasarovTimur1707,Tterry,-1
kingwolf1234,kobemagic,-1
RuslanFromUfa,amchamp2000,1
adv3,dsc60,-1
IceDweller,NotJudell,1
slavadeq,elro07,1
Maciej_zz,Piotrek_zz,0
algrearat,chesswolle,1
Yeraboina,jose_61,1
mr_iuz,basilche,-1
Unknownplayer101010,lcnxv2021,-1
bala1955,alnikgul,-1
Recolecto-Minas,francisco2310,0
AlstonSabastian,alvaro_campeon,-1
sigb98,Igor-Shklyarenko,0
Mokotete,Quyllur,1
utajipanga,my_pawns_are_yours,-1
usmanahmad,orabichess,-1
henrik9002,Furan42,0
malialtan,laggingbaconvn,-1
Bodnariuc_co,ggua76,-1
oscaruuu123,carmid223,-1
vibhor_124,AZ-238,1
Manthan_01,Lk0717NKE,1
DebasishPra,alexxx2N,-1
nupa3,patronf,1
lopez89,jnuelle,-1
affect11,mozartishere,-1
whos_that_magnus_guy,MostafaAboelnor,1
SittingOnMyButt,vanadio81,-1
jorjon000,Ferv0ur,-1
Dadiudul,infinite_king,1
ZikriSahin29,beenykuttan,-1
wow_08,kapppoSama,-1
snaju,etinawin,1
evgenbashkir,nshpritz2,1
Serzh-Gromez,aleksbav,-1
Karloz1329,Vok-555,-1
Harshh-nivak,JamesFerguson,-1
Sol41k,naraleks,1
engineer2,Doomplayer_666,-1
kuda_sultan,OspreyMarauder,-1
PradeepBharade,Parmal_Chouriya,1
MOHAPXUCT,Dmido,-1
Chesskight14,Niyaz777,1
ThePrinceOfThorns,nldphlz_23,-1
Siavash-I,Flame87,1
KavindiGeesari,chesslucasking,-1
MitinGeorge,Erosant,1
Schach_0803,mjm281,1
eray1988,Anon35,-1
sixtyone007,cozy2345,-1
Syel,Oscar-De-La-Rosa,-1
churrasquete,nicamotsky-attack,-1
BloodRaven92,grantelnundmotzen,1
Manelinux,Pugliane,-1
pivert_1938,abhilashdxb,1
fmpoflyer,Greensharder,-1
mlonop123456,socana69,-1
IDoThisOneMoreTime,knlmurthyo4,-1
TheThrill,StructuralRigidity,-1
Ralf74,Kannnichtviel,1
WPereira,larryleelane,0
reza_poursh,M4l3X4ndr3,-1
sTuUpIdnAmE,KagorZug,0
lorrots,alvaro279,-1
gionabaldo,kouchich,1
FrenzyD,baladeabacate,1
Denis-190,chesssera,-1
dincer_baskan,Stefanovthe,-1
reezjazman,Palanques,1
Oscarhuaiquimil,Arturo2567,1
Ri3x,labrego,1
Dmitri_75,rajeeshprajan,-1
Imjava27,kingragz,1
Kaka08,ruslanka1986,-1
ahmedreda_1,Lernik_Gladiator,-1
fidelov2,Sharalis,1
Atokral,seanski26,1
Roman0509,uncle-mattie,-1
cache777,palmagerry,-1
Oleg-GOR,Przemekdi,1
Sobakin19sm,Phracture2022,1
John_S1lver,ggcraveiro,-1
efgen101,vivekkushwaha7898,-1
fun4jkb,Snoow_23,-1
shlokshroff10,chessyogi07,-1
Herman11,Singandaru_OPG,-1
Hfourie,LOVE_X,-1
JoseChees2024,gavial,0
Wissam123_123,koneeb69,-1
ManhattanO,ClarenceDChess,-1
Filipp_2017,josema_79,1
FrenchThinking,lexsbit,1
StephenAmBro,ALEXLECO75,0
alekseev98,SirHK1,-1
Angel_Baptista-13,Aakash789,1
Dhiren1206,begechess,1
storboo,chuchov22,1
MomeniMahdi,samfp21,1
brimstone52,aboroshd,-1
jhamzy9,canlar,-1
the-runner,MOAAZ111a,-1
PapaLena,ReunitePangaea,-1
Mamedov_Shirhan2014,Zhou_Dylan,-1
Pranav_Gothe,tppkam,-1
showired,thehikingbadger,1
Shabinp,milailda,-1
LIVTE,Rokkaso,-1
rsit,Faiz_45mkr,-1
campeon_bullet_10,AlexeyZuev,1
spuddddddd,Seraphim8293,-1
Adria2011,moneer999,1
aladin123456,AQUITAIN332,1
King_of_Clever,dineshvmaster,1
Gui_Obermuller,elmachofran,-1
Parovoz98,Omeske1,-1
espoir_17,kralrobert,1
matherforce,Aroseisaroseisarose,-1
seaman248,keanegleeson,1
chess64bit,Olezha_loh,1
Amkey,jordijcr,-1
Grepulis,LeVanneau,-1
x6am,Daviz-Stgo,-1
bogor_action,darmanto123,-1
whitetoki,Peam777,-1
Barisdsd,BENGUNN,-1
CJazz251,aztecnietzche,1
Valkotassu,Valoron,1
spaceguild,elmo75,-1
tomasdr,punkout117PK,-1
admin54,balu1969,-1
Gabro_Miranha,FabioCaixeta,-1
dinesh_braina,kuider,1
MurkaFRF,meiembipe,1
piroman66,MB0102,-1
Rahandzandi,Davidson79,-1
nadal73,Olexs,-1
Ariuka8824,IgorVK,-1
kemmOOna,Txemaypunto,-1
filkoff,Takutzin,-1
abed1000,Ov3ja,-1
Roninkill,Piuttosto_scarso,-1
Akashoooo,varunranaji0811,1
shubham12145,Sayli_deshmukh,-1
puhelinhassuratsu,mehrdad44,-1
knight_crawler1,Lean1972,-1
sultan248,Azamat1996,-1
Matthieu2500elo,lauchx,1
Chessian,mamorusc2,1
danofdans,Sumit9391,-1
boogyman123,ItsAnd1,-1
AlbaKnight,Kchessman2015,-1
Demkiv,Valdo_9182-1,-1
ElvinPh,Il_Trapezio_Marziano,-1
Ayoub_goatedzaimi,Capa89,1
maknyus1984yyy,Martinious,-1
Atget,hezndu,-1
TUGOOB,Nailual10,-1
walbig,yuneiker-chess24,-1
Almetti77,Vallesco,1
musahmet,Raphalex,-1
TheBishopR,EL_DOC,1
MangoPeel1,DimaFaraon,1
cta94,benjamax7,1
ChadAashu0,shayashayah,1
poojapooja22H,Zauberdavidhaus,-1
Run_the_jewelz,lXGMXl,-1
Erich_Eliskases,Bonitta,-1
Knight_Rider_B2,K-Lphang,-1
javiermarinnanez,BossKingMaster,-1
Voara21,Toavina66,-1
ceresith,Dancer1,1
Blackpanther544,edall1962,1
Arafatt00,Anticolle,-1
TooSlooow,Mohammed218mm,-1
i-am-russian-machine,poppohorik,1
PSlinochess,kralaslan_21,-1
Haxhar911,GreyMW,1
Thecleanghost,Amigo_mi,1
Enecharla_14,ItsTheGreyGoose,-1
regicide101,IkramRW,-1
MARIK13052018,sergbur,-1
nickanyways,kilrboy,-1
Wirklich123,tmandl,1
MusaWien,Salih7267,1
YogiBear244,peterpan1975,-1
Bryano2023hhgdfhgrvb,AquamanR,1
Badang1,milankatwal999,-1
uga40,afiffuddin,1
MasterOutOfDisaster,ostapibrogim,-1
drevitskii,Onthisgame,-1
eliwagnercode,jlopesflorencio,-1
Hatm310,GaaanGuuuu,-1
phidalgo07,Hoekchess,-1
Augustogp,Annagiulia,-1
Cheikh_Musa,RickMGcxnl,1
zaphiri,motty4321,-1
Orest_Zinchuk,,401
Lev_Trofimov-11,,401
kriksan,Mr_WingTsun,0
dixie10,Khuramsabri,-1
Sabarivasan_17,Sonzeri,1
HeYCaNn,Mark1101smd,-1
Xeyal_Mehdi,gonze,-1
michael_ws,smcalpin01,-1
Prince_Akiba,always63,1
Sasha_Kosenko,Giwa_Samuel,-1
Melikov-Roman,Velo14,-1
grgjr,tobros,1
Yaroslav34,likephenomenon,-1
Qazer1,HerbyW,-1
Rapapapatskyi,Lazius2011,-1
alihmrashdi,AlexPlaymaker,1
absolutegoist,,401
ahmed150300,,401
rah91,niazi5331,-1
Belousov_Vova,,401
ankitsancheti,,401
bucky1898,Pegazus,1
atakabayev1,javad_kd,1
Eipheid,andyame109,1
zeduskha,strugglercurse,-1
Korolevich93,Vasilevs1012,1
MingazovVadim,luciopicca,1
maeyd,turaaa,1
alex55555,Witsi,1
AlexShovkoplyas777,Lxj45,1
Woodywoodpeckr,siberiancrane,1
Merazir,andreybrown,1
ahmetsait1905,kvendkure,-1
Stewartgranger,Houston_Rockets,1
El_Caballo23,Moekyun21,-1
rashikcosmos,Koeier,-1
Falkenauge01,Miilaamber,-1
Ibrakhim_777,JoePitch,-1
hantana77,bobojef2,-1
TiagoMorante2,JbbCreativeArts,-1
bbjj400,LINDI2020,1
HekpoMaH,iguretz,-1
jose65,Norbiki,1
skk,SimonColligan123,1
Amin1613,KingLukas1,-1
martinsh,dgwChess,-1
Titi-Nono,Tshepisho,-1
Cfaice,ayoubdab,1
YuniorTello,ronald7agabao,-1
Gibby5150,m-ayaad,1
AMADNESS,MAKIF_SATRANC,-1
Antonio5300,ggc_08,1
XYZ987654XYZ,inaz05,-1
futurfiloharakotobe,Borinowitsch,1
hugh_sat,robbiemalcolm,-1
Dima0925,yokoyama2501,1
josemari1,Marmanu-50,1
Rocket45,khaledaliii,-1
mohammadmo2811,umut_yilmazz,1
J_Bosss,arek_chessforfun,-1
turturtur,murat_ozturk1980,-1
Pasha00111,hpirandeh,-1
TheMedicalProfessor,nemesis010,-1
juvinco,Znayko,1
iiTzD4v1d,TarakChHalder,-1
rezaa62,nest76,1
MelvinReniJohn5,Ritosh,0
martianyx,DASBRBCE,1
Black_knight007,apedmohamed11,1
jaimedicer,abikoaz,-1
Dalaimanoj,Robsonrms,1
ManitoElegida,jor2287,-1
Dmitryekat,mchvtr,0
Att0909,wevazaha,-1
Svastik141147,Bonarsiusspy,-1
Sarmi_18,SergeiSEMENOV,-1
SPraTan,Lem0nHead,1
bernarm,ZacharyZane,1
Kemya,pasodeblas,-1
Luisierra,centjb,0
Gurculeme,FastCavalier,-1
SMKAF21,Simba-Andron,-1
That_Guy27,LordArminius,-1
Swapnil_7879,rubrico,1
DenisP2014,taha85019,1
vihaanjg,Neighboursdog,-1
phigro,Firefox2610,-1
K-pablanca,pascalreinhold,-1
Gazirrrr,vinod-vms,1
Ninjology,williskim,1
Kalyke2003,dovh97,0
N14x,eng_ahmed1001,-1
MrPotatoHead3,ovoimenepostoji,1
Vorttt,Zhigalko_Sergei,-1
shddd,gxonatano,1
Tri47,Mamin45116,1
Alvarorosas2024-09,Jairo2023,1
