user_id,user_op,game_result,blitz_rating
paulpavlus,mrots_tnelis,1,1667.0
Hrishant2610,Morus_rubra,-1,1723.0
Arnav1813,Dieter_Koehler,1,1166.0
Josef_Otto,susytroll,-1,1705.0
Josef_Otto,susytroll,-1,1705.0
kzCTAH,lemalin17,1,2172.0
RamChess1234,Kurban336,-1,1264.0
jvt18,Samweiss99,1,2404.0
namhoang33,JorgeLuis_81,-1,1856.0
whoisvinoth,stelmashok,0,1348.0
aSd12F13,olotu,1,1513.0
k04uron,DanielPerotti,1,1263.0
Cristian_Z,walter_43,1,1199.0
Gorochu23,MISTERCHUK22A,1,1913.0
mohamedalaa207,Maxuta2013,1,709.0
BryandDor,olwan12,-1,1953.0
Ismaelfiol,alancomplet,1,1313.0
elvergalarg,Railandersson,1,1678.0
GozziFrank,findus_1,-1,1282.0
Pag_Tokef,dimdumup321,-1,1201.0
EmilEkholm02,,401,1500.0
groovechesster,,401,1500.0
SamihDiDi,Yassin_abdo,-1,1564.0
ilcheetah,PAYDAR32,-1,1559.0
MohamedBakr12,Adam_Ismail3,-1,2004.0
Ankit_undefeated,babouski,0,1602.0
Ostia1948,mmode,-1,1639.0
TorontoBlueJays,MakeAWish55,-1,1954.0
Kloudzz,Dimasik24,-1,1741.0
Waterman1970,disara,1,2055.0
mwilkes510,SACRECEUR,1,1432.0
VovaZubairov,dgrechin,-1,1422.0
Gazzaeva-Liyana_2,Chess_Go-Samara,1,2356.0
Gorki69,mobin74,1,1732.0
greshchess,TakezoKensei,-1,765.0
redexplosions,BBcherie,1,1739.0
OISMJ-Harshali,Heisenberg6403,-1,851.0
Manasaap,abde_rmc,-1,860.0
Anrihard,psp2108,-1,1372.0
MN_Galao,dGonzo,-1,1937.0
YuryLobov36,cvomake,1,1907.0
dptydog,EldoradoSun,-1,1448.0
AlbertoX,matheusbnas,1,1278.0
ChessWorldChampion_1,leviatanmagic,-1,2209.0
karomur,Pacositeb,-1,924.0
NkChessTienNam,thki,-1,1948.0
joelsterki,AlejandroDeArmas,1,1208.0
tuhermana123,ntoc1999,0,1457.0
Sultan_IDFC,Rus10,1,1241.0
amihai,talhatartici,-1,1306.0
Kramit54321,EnchantingMajor,-1,1201.0
avemaria2025,old_grandfather,-1,2483.0
AlexeyOrehov,greenmate,1,1933.0
chchchchchchhc,xjoufix84,-1,983.0
solid-pawn13,ayax75,1,1599.0
Dani2514,Bradyaga14,1,1073.0
jairoperez30,alfons2018,-1,1339.0
Dajea,Toponet9952,-1,1881.0
Huckushi,jesskinny,-1,1386.0
gondor110,ALEXANDR_M13,1,1289.0
bl4ckeagle10,shurido,-1,964.0
manthanchachar,L4gfx,1,1040.0
FrontalButt,CruzeiroTop,1,1648.0
Kimaya2017,e4e5f4exf4nicht,-1,1357.0
pk143221,javiito,-1,1426.0
Hari_201128un,jcbose,1,1220.0
Joko-edan_Ltc,noid87,-1,1753.0
YaroslawItabaev,Tonysilverlight97,1,1303.0
Africa_Aj,pathfinder01,1,1541.0
baysed1400,Reykjavik2022,-1,1210.0
Scheff_1,namanok,1,1726.0
chessmedianeira,Faxriddin1,-1,1300.0
Istoria_2016,LeonidJazz,1,1759.0
NO_QUEEN_CLIMB,Dipaolad,1,1321.0
Virat000,Ibrohim2014,-1,1777.0
gahanp99,ferverc,-1,1817.0
b237,Handyplayer,1,2138.0
sJoyce-TR,elmar8,-1,1366.0
shishi143,,401,1500.0
Koboi_KTCT,,401,1500.0
Rustem_Kurbansky,reshetnyckow,1,2304.0
UweRademacher,dR_AcmE_IsmE,1,1669.0
sinanarslan,BantBain,1,1187.0
nurka1,Terribilcus33,-1,1104.0
TimofeiSergeevi4,Gnitaheid,-1,1049.0
dapacri,chorman,-1,1537.0
vikraam,Quldzie,1,1503.0
Novice_Noah,HouseOfLeaves19,1,2325.0
GaneshKadu,jodef77,-1,1079.0
safaie5523,Nikolai1959,-1,1310.0
ChessCadet,calz100,-1,2332.0
Alan_Shegenov,Gizikunki,1,1176.0
caba1989,sxxiven,-1,1077.0
MrSipes,olammy,-1,2206.0
maro09,,401,1500.0
FuddmerL,,401,1500.0
Kiran0926,Gmelyani,1,1552.0
Davi_Vascao_Reis,oleandrofreitas,1,1681.0
A7968801,Asike,-1,1447.0
Alfoli_mx,Lachessbleue,-1,1282.0
Damir_Zakirov,Rasapodi,1,1503.0
MuravskyjEvgen,Kjjack0829,1,1848.0
Samira_1005,PKhajure,-1,571.0
Poet_Of_The_Fall,Jorgemario2015,1,1839.0
White_Snow_26,,401,1500.0
anbuasr,,401,1500.0
AlexHeinsen,OrangeTweet,-1,1547.0
Viktor291,Ilya121Pn,-1,1842.0
Alex555777,HelioRagazzi,-1,1623.0
Navadeepkca,aesamalaa,1,1467.0
ajuc00,Jaenco608,-1,1276.0
Andre-1983,vit2023,1,1984.0
TotarryNotaSpyBaroon,AboamerM,-1,1471.0
Svyatoslav1111,ladimirskil,0,1182.0
nastignu,ahmed5865,1,1626.0
Yaniss_Ard,GROSSNIK,1,1269.0
iknow_whoami,khaijun2011,-1,1859.0
FerreiraAndre25,MaTaRoV,-1,2198.0
cbumae,Loxos,-1,1799.0
MaksimBerilov,abelkoque,1,1258.0
suvachess,yarangu97,-1,1591.0
pri14ale07,Granadillopower,-1,1816.0
RAKSHAN12,ControllerOfficial77,-1,1760.0
Fuzzylelapin,e112233a,-1,1402.0
dso99,LordBill,-1,1268.0
AyaanAkz,yemvijay,1,1255.0
RostChinokalov2015,Daniil_Koltsov,0,669.0
Rooked89,Tarus_01,-1,1170.0
abhinavksam123,VidyutC,1,928.0
paulrsi,filineduard59,-1,1196.0
steviebe,mohamadnehme,1,1589.0
knight1978,Shriram_GS,1,1475.0
Andy310,enk1500,-1,959.0
ccourtney,EDUCAO,1,1899.0
Miyagi2116,SuprJan,1,1610.0
h306h75,T_Moe,-1,1450.0
JacTheWolf,Jaypas23,-1,1624.0
Xbec,bcvr_v,1,802.0
Raajadurai,Godfreyp,-1,1250.0
JuanJoseVC,elsersy710,-1,
Kumirchess,AndrejD,1,2171.0
Nevermore-2023,Mokhtat_momo,1,811.0
MohamedDenana,sssccv,1,1538.0
anaseo95,LuntikkShess,-1,1318.0
mohamedalawy5,Tamerbashyr,-1,2033.0
kataeva_aboba,Pinourson,-1,1440.0
faizynem,channy0105,1,849.0
Harmoni_Group,a-g-3-AjEdReZ,-1,1148.0
PrajithMathu,Sim1BW,-1,1931.0
NY41,K1NRICH,-1,1933.0
Sanjitsingh1,feras-taimanov,-1,2098.0
dr_nkaccount1222,Thomsen110,-1,1243.0
djacco,Ingmorath,-1,1393.0
AsacoPaco,Gosset29,-1,2249.0
teori31,abuejocha,1,1446.0
naaml00sChessPlayer,SKLawyer,1,1662.0
snowsuncity12,ochoagus,-1,1670.0
BernsRevenge,harpy_hags,-1,1891.0
Timurbek_2011,Konstvik2112,1,2052.0
Robinosse25,pawnbarker,1,1561.0
Robinosse25,pawnbarker,1,1561.0
Vadim321,VOLODYA_99,-1,1527.0
bannamahendrasingh,Angkolbandam,-1,1686.0
Professor_Adolf_Hupp,Propolis1984,1,2476.0
Guthi,Kvasart,0,2012.0
Mrmorgee,Chessboxing_Reza,-1,1702.0
psu4f4,michelbruns,-1,1086.0
kishore_rk,thala_for_a_reason_7,-1,1617.0
yuriy76,Dedal86,-1,2236.0
Annadottir3,HomoSapiensDenisova,1,2129.0
ChetanPothuru,joaquinnar,1,762.0
bennyg,Muslim_001,1,1641.0
Arjun_dead,Oleg343,1,1540.0
mazouz1974,Chessdiator,-1,1431.0
erdemozerq,michellini1973,1,1894.0
RollingFrog,advanced-pawn70,-1,1934.0
maestro_2,sporaruka,1,1553.0
Misha_Mikayeel,Abdallahhamdy99,-1,916.0
ArtiomYu,Prantarchess,-1,1567.0
ynzl,waseemmaher_95,-1,1839.0
luongvu12345,km_D_nhbaochau_2017,-1,1106.0
Trieets,D10_VietDuc,-1,1336.0
alexlele2008,aashetty,1,2651.0
TigersOmnyama,kurbelschock,1,1363.0
dmtg2,chuckdu,-1,922.0
artem_s1nce,ravi445,1,1533.0
festus_happy,MrPolotenchiko,1,1655.0
farhatmansur,yudibadau,1,2112.0
swsdsdfwwerwe,XeroMyths,1,1695.0
andre_souza90,ljubisadjokovic1953,-1,2060.0
vivek31290,Danila_Gnidenko,1,985.0
artan_hz,voidmay0,-1,1173.0
Yajiv1977,omar007007,-1,1628.0
LegoshinArseniy,Durdevic,1,2200.0
jalelkabouche,oiuerghi,-1,1610.0
Zkriaelghazl,mohamad-hashempour,1,968.0
ArshiaAbedi,AKYAZ-C,1,1163.0
Innedev,dreamdima1,-1,2415.0
angeltique,SnegaMargo,-1,777.0
HP-012,ignite_89,-1,1567.0
yaroslav45637,Veta174,1,791.0
esgrimista98,yooossf,-1,1301.0
Ruslan_Cherkasov,giligalam,1,1357.0
RVJM1993,suvodip,-1,1523.0
jonusz,Achareker412200,1,1492.0
michelediamond,DanisF,1,1368.0
davidrag,Danopcitho,1,1176.0
CardanoHH,alexolll57,-1,2166.0
CardanoHH,alexolll57,-1,2166.0
Yashmithadissa,bavindukodippili,1,764.0
RandomChessPlayer23,jmjogi,-1,1868.0
RafaSilvaa,Ardiawan90,-1,1375.0
vooooouria,nixkoenner2023,-1,1566.0
Ceteris_Paribuns,vectra,1,1808.0
Baobabo,VibrantJail,-1,1153.0
Viscam24,alexyarovoy85,1,2304.0
qUIeTIdIO,dev_knp,-1,1697.0
youneszmz,Fhirdaus,-1,1794.0
DJ_Man_2099,Otonibh,1,1658.0
KaanOktem,divsree,-1,1698.0
Vijaybro,,401,1500.0
magnusstylish21,,401,1500.0
Molaender,Ashaked,1,2073.0
GrandMasterM,saintloup11,1,1725.0
Singodance,Ihsan_Karim,1,1174.0
Target-2000-Elo,Mukim15m,1,1374.0
shizukaesan,USAmedic10,-1,1453.0
Dangotte,Planeta28,-1,1359.0
Chess_Vaibhav123,quails911,-1,1224.0
te-quiebro,Spongebob1212,1,1904.0
ninja_1375,stokwa06,-1,1669.0
LicenciadoEnrique,KristoGar,-1,1025.0
hajshafie,johnabby,1,1001.0
DMediran,Giouzk01,1,1903.0
rade-888,IgkGerald,-1,1420.0
Artanis2999,arabsalim,-1,1314.0
Chemy03,Uli_S,-1,1608.0
Illmuney,asiayam,-1,1383.0
blindYouCanTryOnce,nikchess12,-1,1828.0
ksrinivas,AbdulJabbar07,-1,2017.0
ayonen,Anaglazkova324,-1,934.0
yusufbjk95,ukwee,1,1761.0
Tamara2Selena,Tri_kony,1,1625.0
vuasl25689,Der_Patzer,-1,2007.0
Brainwashed-book,Chaichess,-1,1091.0
pompy-ompy,,401,1500.0
Muerte_Negra,,401,1500.0
oni-benyamin2,chesswisdom4u,1,1875.0
Hedgehog_f3_or_f6,nate8592,-1,1713.0
jobemans,steynic1988,1,2234.0
areyouhopeless,limpido,-1,1519.0
mrKori,Yntec,-1,1865.0
Faisal874,Lion2017Lion,1,1758.0
PK_210,sherlok1979,-1,2234.0
AS-Goldenberg,togi89,-1,1953.0
shalf,Mihailbazhin,-1,1372.0
Cindy_Sunday,Carlos553,-1,1608.0
GooDDay22,hangingrooks26,-1,1632.0
Yemayanky,janela777,1,1349.0
Aryancena,elias123456789,1,1295.0
Rayansh77777,CGR0022,-1,763.0
Nachita_2013,Zineas,1,552.0
PavelZa,bati55555,-1,1974.0
kramka,Govinda3344,1,1616.0
zooted_atomic,QADIRHABIBI20,-1,2061.0
Rolig,NotRZYM,-1,1826.0
CaptainJackSparrovv,kvltvr_wvltvr,-1,2070.0
turning_machine,zacaz7,1,1612.0
LeonardoNicolas,JOAQUINOJEDA2014,-1,1398.0
zedurr,hkirici,-1,946.0
willy16,myalin5049,-1,1910.0
TobiasOvermark,sorenorskov,-1,1104.0
Servandoriver,yomero_2022,1,1733.0
chanugad,Homres,1,1048.0
tryasz,RexSkeleton,1,917.0
veter1297,goldiepie,-1,1863.0
Satranc_enver22,nab0576,1,1863.0
Axertfew,sami12345678910,1,913.0
Alexshirov,aliferenkooleksij,-1,2418.0
Dontstopberserking,KorradoKattani,0,1789.0
lkhhjk1234t5,Adderley,-1,2170.0
thrissurthadiyan,Sahin_Baku,-1,1221.0
aiman_hafiz10,Batrisyia_2010,-1,874.0
brahimahazat,Ilya_reyh,0,1185.0
fulvio_la_piuma,Guidon86,1,1304.0
GAM_333,sundov100,-1,1546.0
ErFocaccia,ffarzadd,-1,1706.0
dolaxies,Rostislav2727,-1,1342.0
CarlosMagnuslon,istude,1,1531.0
Winterstone_HD,arjunhs2023,1,1482.0
Gangsterrap,chvk_redan,-1,1591.0
Greymurs,gkhn093535,-1,1432.0
vipulnvyas,IonU,-1,1688.0
Su-ku-na,morelense,-1,2108.0
samehgamal2022,broker1,0,1386.0
OggyLV1,jjox27,-1,1399.0
Manoj-P,VarunDiya,1,1530.0
FroZe075,Adt3,-1,1398.0
daisy-pusher,trickmove,-1,1059.0
IvyLogan,Civilmarks,-1,1005.0
Sima_Kovalev,Dexter_Dad,0,1408.0
fabioce,Chocri,-1,2021.0
wcis,silentixru,1,1775.0
Matatorx,cmh1506,-1,1408.0
pungimaster,Rtep1956,1,1358.0
TheUnlikelyKnight,Ujangcodet,1,1769.0
Exebrassman,NYCmoe,0,1548.0
SwanRoad,IGNEA,1,1289.0
JBM-111888,nikolgus,-1,1724.0
Hjaramillo5,quadsquad,-1,1859.0
alkaline1,John1914,-1,2257.0
Moragano,adrianb77,-1,1168.0
Vicarious101,Ayouness,-1,1098.0
ARandomMove,minimymlitr,-1,2348.0
Blitzek,YaroslavYuzhnyi,1,1966.0
Petra-Mia,WaffleBlink,-1,869.0
onaber25,Edo2000,-1,1936.0
MrHoth1979,merstam,-1,1360.0
menetrey,Sandra10,-1,1662.0
KSMehrab,Salvadav,1,1496.0
Radrook,Emgrace,1,1664.0
poegland,DrHeadgear,-1,1330.0
AlphaLegend1,luntanglantung_87,1,1883.0
Mart998,Terrikane,-1,1839.0
sssarper,Brandts,-1,1910.0
vitsel2019,Maya_Mnatahni,-1,1481.0
Synecdoche1,jlsa58,1,1306.0
cristianoaponte,rikardlidh,-1,1092.0
umerq,d1yapper,-1,993.0
alexanderpidyak,barubelajar001,-1,1644.0
zldwhdgur,MorevDenis,-1,1096.0
tarkovskiy_a,Sinkaspa,1,2237.0
nshat2612,Bodega_Rambaldi,-1,879.0
ZhePTBA_Mo3r0B,fat_ian,-1,1506.0
Cl0udy1337,PuertoRicanRasta,1,1900.0
MTA85,atlasocean001,-1,962.0
yoldi6718,osmanyosvy,-1,1526.0
Martindd389,joseliyo2210,-1,1581.0
EdwardAlcedo,randomdude0,-1,1420.0
Ferdydurke87,khairy1995,1,1551.0
franco_mastrocesare,Larry101,-1,1763.0
leb_laden,Iismailkkk0512,-1,1452.0
Schacht_Konrad,Exilkubaner23,1,1741.0
jakutta31,VARG_17,-1,1178.0
TooRai,chessnub369,-1,1433.0
Timurr-64,BlackberryA,-1,2185.0
dan4ik123,TheMMAF,1,1705.0
Makkon,honikahd,1,1397.0
Noqss,OMARD4C6,-1,1494.0
anjumskhan_practice,Quindos_FC,-1,1931.0
Donotplaye4losers,Loord-90-T,-1,1903.0
vonvertanien,CJsir,1,1738.0
superkiko624,raffrantic2,1,1169.0
RAMujeeb,Waldwichtel,1,700.0
Ediz2020,dzid3q,1,828.0
rajesh333g,thierryguerin,1,1605.0
rrags,damafe,-1,2329.0
otmar1,smhasnb,1,1486.0
Chalidbinvelid,Vasiliy_Top,-1,799.0
omerl11,,401,1500.0
AbuOsamaAlBukhary,,401,1500.0
ESTEBAN_2022,ALPHA_BRAYAN,-1,2088.0
dokshaker,itihon,-1,1381.0
Mamdouh02,shazly99,1,1013.0
Mile_CR,belachikoy,-1,1759.0
ARISTEAMAV,king_rulerrr,-1,1787.0
Pavel_Ignatovich,cakal,1,1735.0
darkspeaker,Fabios_Xyz,-1,1553.0
Lugiaboss,Ayks1986,-1,1941.0
ChillbroSwaggins,abhishek_2312,-1,1909.0
dnonko,Picard359,-1,1635.0
e-rose-jr,nordsign,-1,1723.0
sanups,gudenius,1,1591.0
Burgui84,,401,1500.0
nephertus,,401,1500.0
NaAbordazh,Princess_4zula,1,2120.0
eycek_angara,LastPharaoh,1,1908.0
HarryPotterStyle,vesna_kot,1,1200.0
Clau_013fg,Navgad,-1,1123.0
Shamil778,islamhosni1975i,-1,1314.0
Zaven_ChessMood,ViktorDmitrenko,-1,2461.0
rdsr1993,BlueLyon,1,1360.0
Bruno0404,Sasha_Dorn,1,1020.0
mss1380,Franquetot,-1,1555.0
patelniamp3,zane75,1,2111.0
silverkid93,constantin80,-1,1672.0
mendelabramzon,irazam,-1,1181.0
utkal100,Fadeum,-1,1509.0
SnipeVenom,LUK452,-1,1146.0
Nightmare22,Can-D,-1,1710.0
vovka80,GirLena,-1,1629.0
Dito_84,Kvc1,1,974.0
bustofredon,skatseeker,-1,679.0
cottoncloud,Fighter1000,-1,1420.0
Julia444,sabarna24,-1,1327.0
MegnussKarlsenn,Serehga,-1,1613.0
LilTyki,grillito347,1,1287.0
Yadrilo,RundundGross,-1,1111.0
lcnight,blbaknoobak,1,1334.0
Azzoh,tonnychess1,1,1549.0
Superpigg,leninkmacho,1,1050.0
KirillKitlin,,401,1500.0
MontyPythonStrategy,,401,1500.0
divacleeva,Vladrim,1,1810.0
qwopzm,johndeboer,-1,1793.0
SimonSuperHans,lucasecr,-1,1468.0
Gcarisio,Matthew04,-1,1680.0
cepe,chessman04,-1,1640.0
g0ra1,Voshod23,1,2132.0
greatblunderkid,khanstant,-1,1364.0
Silver_Taurus,Jumpingcastle5,-1,2108.0
Chirrete,,401,1500.0
Damirka15,,401,1500.0
sandesh9031,Krotaloz,1,1457.0
Jacheng_Ginchipa,Norzhun,1,1821.0
ROMANII1,tonikelao,-1,1223.0
Hpkznr,principiantembh,-1,1646.0
intombi,PoyPoi,1,1686.0
AlanX100,GUILLENA68,-1,1146.0
Blockaded,Puksa,-1,1944.0
saleh_adel,Rsmrov,1,1255.0
vugge,Mhabmc,1,1426.0
qazya1,rkb2918,1,1136.0
ZinhomAyaz,iiljima2,1,1030.0
luaua,ZtHnamte,1,1876.0
GreenElefant,Stevesanders1980,1,1427.0
IwantToBeGood,Andiya_Doroodgar,-1,2534.0
cautiousman,Sallaia,-1,1136.0
serezha_2000,Alice6789,-1,1304.0
hahahal,Onpasseng,1,1511.0
bhong1980,zamirRP,1,1407.0
Muslie,Tobi45678,-1,1556.0
AleksLeshiy14,Broon74,1,851.0
LIIoKoLaD,mercurylives,1,1023.0
EzysD,RexRector,1,1161.0
DarshSomani,Raul2506,-1,1268.0
Zipperface,Amir_1,-1,2137.0
bjlfzs,Blitzboi2,-1,2174.0
JJBS,tarunmitra,1,1571.0
dr_ivan,,401,1500.0
RE-BORN,,401,1500.0
jojolikestoboki,Gianluigi_44,1,1535.0
A123B456C,Eleazar_Aracena,-1,2166.0
Maryam750,adcggg,-1,1163.0
moduli,progyprog,-1,1375.0
SharifovGoowin,Clerkenwell_kid,1,1441.0
mikmik819,yakhnenko37,0,1865.0
poruchaosobnosti,Moon2424,1,1452.0
liussetiawan,Sindo09,1,1585.0
user5ten,mango54,-1,821.0
MasterBaris,Morice,1,1609.0
tema26mak,KaptMiki,0,1722.0
Taxmind,DeadlyCreck,-1,2285.0
Hamel_Chess,falbalad,-1,963.0
elon120,MatiasC22,1,1582.0
ryuandro,gemsbooth,-1,1850.0
Benjo68,kingarthur3737,1,1467.0
Raul_Bustillos,Om_Prakash_Sharma00,0,1271.0
Viniaxcs,Yang_Fan,0,943.0
Borchick04,Houghlass,1,1457.0
goncalo1055,ilvikingo,-1,1258.0
MazinTonga,MrKoK007,-1,1372.0
Hussein_Mahmoud98,SimaoChess,1,1859.0
Javilinx,SebiWazir,-1,1624.0
cassie_08,Craig66,-1,1821.0
m0pek,bobrownikownik,1,979.0
gggddss,HamsterJedi,-1,1836.0
Mr-Pes,BM_AlexMunkHjort,-1,1714.0
Nalimanana,sherlockholmeswatson,-1,1652.0
CroPol,SA52,-1,1518.0
mohammadrezaMortajez,Taba101,1,1097.0
oko66,naser46,-1,1999.0
Tangs,xxxdanxxx,-1,985.0
nazarioquispe29,Ririno,1,1400.0
Artemon-2012,xuser,0,2232.0
ch_keks,DLIRIUM,1,1309.0
saeidkh,Pjotre1,1,1890.0
jackv18,stfbox1,1,1104.0
Staro4kaZ,rza112,-1,1741.0
amateuraoa,cahit62,1,1616.0
mlodymagnus,pod777,-1,1814.0
luisfv_1,Jovedoplay,-1,1775.0
Vdarshan-Ep,sdrk,-1,1491.0
Darkshadow-9171,jonomasa,1,1707.0
ZOGMA,Jfbdbsh,0,1487.0
AaravDol,slick44,-1,1830.0
tootoo504,purpleski,-1,1517.0
Chess251995,Richi110,-1,1549.0
Kent_06,Masterdamus,-1,1591.0
ShoOpyat,Silaka12,-1,1028.0
qwertability,Aclis,-1,1530.0
chazsr,TPiede,-1,1208.0
krish292015,himikilla,1,1408.0
Buster001,LW_chess,1,1865.0
kabirchampion,Manikkhan,1,2026.0
ostadali,skont83,1,1731.0
SaidCh_2015,Vicrosten,1,1705.0
sirchess123,dps78,-1,1152.0
abyuya,hashus6,1,1500.0
Johnsimanwe207,Titikiza4Life,-1,1853.0
PrincesaMaciel,bloc32,1,1694.0
davechess,stefoz,1,1366.0
mb1168,AzaxixAx,-1,
Ahmed_muhammed_fekry,aiden_m,-1,1397.0
lyxxj,Phoenix_Warrior2024,-1,2447.0
Krismalyhina,Rizky2357,1,1030.0
Victoria11i,vega45,-1,1400.0
Alescei,jasare,1,1529.0
ansh_malhotra,QUMX,1,809.0
BossUltra,lixus1969,-1,1313.0
checkmatechortles,yashpal_singh,-1,1359.0
lagranja,Vera_Rassulova,1,803.0
Teinuka,ShianKen,-1,864.0
African_Firoujza,Hauser1988,-1,1862.0
catsvsllamas,Juanfelix12,1,1215.0
Jumanji135,FarkasVilloHanna,-1,1233.0
dyz1,carlos655,1,2068.0
ShammyBammy,justforest23,0,768.0
Pappo-blues,Tri-chess,1,1232.0
RobertoPetrini,ALIKP2312,1,1551.0
seyedmoeinoddin,ChessV45,-1,1397.0
asya_temiz,AdrianLublinBG2,-1,1041.0
JosueCova100,mittis,-1,1496.0
lan2121,bollesat,-1,1104.0
vladislavdemchenko,Ngazio2000,1,2488.0
polina-kirillova,sirhcgs,-1,1326.0
jacintoverdesprada,farukcan54,-1,1346.0
HEYANSH0902,FatihBUZLUCAN,-1,880.0
JacksonCV,ale080717,1,1060.0
KAldiarM2013,adventuregnome,1,1093.0
Blind_Prince,popo15,1,574.0
Kourosh1379,nsh8066,-1,1810.0
mojtabavahdani,drini123,1,2106.0
TumHuk,Miguel_Mejia08,-1,1190.0
medomagic,EmersonGoncalves,-1,1104.0
canedebeauce,aceee,1,1340.0
ThisChessPlayer,Alcatraz97,1,1471.0
TheKingII,pjk1963,-1,2101.0
mateyka_ch,Max277,1,1258.0
ozones,nitram1419,1,1114.0
keshav2488,Sorinrapidchill,1,1569.0
Mastergelap_SJC,VjayChess,1,2279.0
fsalatka,petequu,-1,1174.0
shivendra_om,kiyanporwal2012,-1,1747.0
Hamidmoi,,401,1500.0
pavvel78,,401,1500.0
Abdelrahman_Nashaat,Baizhan_Ansar2016,-1,1247.0
Octipus,tafrih245,1,1477.0
Deniszubtsov1,Aleksandrosik,-1,643.0
ProPit,xpat07,-1,1516.0
Mahmoud_SH2002,navacho007,0,1089.0
DanAsh11,Javier_Lozano,-1,1235.0
bastet3333,ermalen,1,949.0
basel_saad99,Inocencio_1,-1,1758.0
mesterf,alihonu,1,2106.0
mesterf,alihonu,1,2106.0
Moumouss,dmitriy19672102,-1,1876.0
DoggoBaggo,dadyji,-1,1233.0
Aguila9483,Giampi96,-1,1409.0
Thebrezhnev,Hara_almeta,1,1307.0
GoodAcu,GeKatz2024,1,1165.0
DevilWearsPrimark,Seeeffo,1,2035.0
hammaddelta,riebisl,1,1852.0
EstebanCapaNegra,Gorilla_Zippo,1,1635.0
InTheAirTonight,rez88888,-1,2152.0
bgusty,Vatagoo,1,1175.0
ShreyasBiswal,DeHunter101,-1,1117.0
flodo1210,HoratioNelson1805,1,2045.0
HomeChess2014,Cascabela17,1,932.0
marvinoscar,Daviddesouza,1,1334.0
Jmilie,plumbers,-1,1823.0
Medardorojas,gokulkrishnakv,-1,1516.0
Ikerdlvp,Ogolbo,-1,1496.0
nickov,Jamshid1346,-1,1980.0
WhyChessIsHard,JEGQ,-1,1937.0
Lukicha,Silverjo,0,1572.0
Inocodji,MRCHEZ,-1,963.0
Ethicalgambit,latlat,-1,1319.0
AjProf,Aks118918,1,1687.0
MtvFr,kiran_gadekar,-1,1103.0
Ashrafalassal87,levy2020,-1,1982.0
Fr0mage,loritolord,-1,1248.0
TrueloveBOT,A714445,1,1978.0
Pr0C0x,Asiatian,1,1329.0
kriokamera,Yuvansh,-1,1212.0
gokment,solid-pawn13,-1,1571.0
Fabrizioprorafeli,CrayzHorse4244,1,839.0
Dannyfreshii,Sushant1999,-1,1773.0
Frjapmontreuil,skrubboi64,-1,1745.0
avyuktdutta,TimeSands,1,786.0
otrebor1988,funkymosquito,-1,1491.0
ashDubey,abidatasnim99,-1,679.0
maani6x,demainjarrete,1,1172.0
DolphinDave,MKRISHAD999999,-1,1463.0
luck5,Hmpatel,-1,1650.0
Kalambu_s,sergeyal64,1,1660.0
aaravgupta2205,Akmonie,-1,1189.0
yixuexue,Jeka111,-1,949.0
Vinishaaa,Beniroli,-1,1804.0
Richie78,chesspro12345678901,-1,1745.0
JardelBarreto,K_Kalvan,-1,2056.0
manchess49,arturz14,1,1671.0
jisanMax,bbbbea,1,868.0
parsamosavineghad12,PinedaFamily,-1,1367.0
AnjoBlue,robin-rambo,-1,1860.0
monkyluffy,,401,1500.0
Supcio10,,401,1500.0
PerroHuevero,Mejzi87,-1,2051.0
HatiHatiSkakmat,d1387,1,1155.0
jamesmoreno,,401,1500.0
robloxthegm,,401,1500.0
tndeoddl,A138107Adem,1,1390.0
leonotice,bspiyade,0,1080.0
PRO_Banda10,timfsh61,1,1678.0
iammzs,aswinhdas,-1,1370.0
MarkQs22,Hovan12,1,1423.0
psicobloc,aleximj,1,1147.0
Fares99,QarakenBacho,1,1252.0
ramcoa,umm09876,1,952.0
ddgf,wth_ales,-1,1506.0
AchrefLahbecha,LudovicM59,-1,2405.0
Bettis,altgovzen1985,-1,1847.0
gda92,nicolus,-1,1515.0
RaphaelKakon,Bheemi,1,1259.0
golem0111,ChestToChess,0,1529.0
Botwinnik90,Ale11mc,-1,1933.0
Botwinnik90,Ale11mc,-1,1933.0
SemihAysal,prwatch,-1,1696.0
Pelaez2007,ScacChiara,-1,854.0
FreestyleMage,Mchardin1,-1,888.0
EvgenijZ,Mursejleren,-1,2363.0
AlexBreeze,MesquitaChess,-1,1470.0
waheed24735,Nico_3,-1,1750.0
Maple-Kev,MisterBalck,-1,2063.0
THEARMINATOR,drjossy,1,1942.0
Oscaralfa,Jai2063,1,1350.0
Seif_Bashandy,Iranzol,-1,1191.0
Kxrma,mahorka67,-1,2360.0
Windsock,Guy_de_Enpassant,1,2211.0
BerrBartu,SrikantaHazra,-1,932.0
Lazarini06,cenencinco,-1,2005.0
Raulmartinez62,guram2012,1,1779.0
Nobodyyyyyy111,eGgZiTeD,-1,905.0
WV8,rafgalina,-1,1180.0
Aleksey_Abramov,Postavnoy_Alex,-1,1560.0
Mansour_G1988,mako0000,-1,1990.0
HarshNaklak,amamba1966,-1,1784.0
Holtyman11,diamante_gus,1,1550.0
Ayouness,N_e_n,-1,1083.0
ArtisticFig,palpala,-1,1105.0
moisescampeon,DivikIndia,-1,1198.0
exterior26,KyleFchess,1,1667.0
raghavsagar92,Anvika653,1,1590.0
harsha99_jalagam,Alexandr-123,1,751.0
Arman077,Yannd440,-1,1082.0
JuSem,coach36,-1,2403.0
banwalah,Icemansquared,-1,1387.0
TuroAliyev,drralfx,-1,2215.0
crazyhouserules,,401,1500.0
JBQM39,bismar-2017,-1,1245.0
Bulkano42,choi_curry,1,1780.0
Evgen1204,Mofaschach,-1,1246.0
Kabin16,LittleHorse78,-1,1552.0
bp000001,d0n4th,1,1733.0
imdenis,Kazzy21,-1,1140.0
darkknight_8,minde99,-1,1704.0
haijumpa,googleek,-1,1492.0
xavns,Planeta28,1,1359.0
Sarvesh_15082015,wildpicks,0,1358.0
vandass,PitPat,-1,1354.0
Meepro,umr123,-1,1029.0
A_L_E_X_1,kivi12,1,2283.0
wofi_chess,mathteacher64,0,2121.0
fabiii87,Ahmed19601960,-1,1314.0
chesstbn,msmaryjoyc,-1,1650.0
Oskarfat,Msr_Oogway,-1,2071.0
Anton1000,Magnus_misr,-1,2426.0
Maksim2341,coolister,1,1231.0
grandmasterflashgp,farantura,-1,1660.0
yessino15,KB8888,-1,1025.0
Mr-1Google,Arman_Veranyan,1,2128.0
VK20,yayast,-1,1226.0
mtsalshabibi,Aziz_nur,-1,940.0
meirammmbek,Borx48,1,1863.0
juanpvcp,Jonnieeb,-1,1770.0
buywivai,Babasili,-1,2340.0
KingOswi,INBHA,-1,1684.0
KingOswi,INBHA,-1,1684.0
Nanasiu,Vladimir_Phrolov,-1,2085.0
ChessQueenMaker,raysolos1,0,1735.0
baluga05081991,SquareGripper27,1,2262.0
Trzaskalik,sehahaf,-1,1642.0
Primba,MAI45,1,1763.0
johnathonmando57,utawasthi,1,
maruthus,Vafina_rayana2016,-1,1049.0
guesswhoisbackback,,401,1500.0
N_A_ss_A_R,,401,1500.0
fufaradwan,Deepdiver,1,1867.0
julius373737,fugli,1,1422.0
CharlesMonroe,Android1980,-1,1802.0
Rod_Villa_Zambo,pilsnerhell,0,1919.0
HatricKMesh,tomekpiotrczyk,-1,2001.0
varuncarlsen,sarasisehansa1,-1,1115.0
Kondangj,Federch,1,920.0
l_-A-_l,Sakkmester1948,-1,1836.0
VZavaleta,AghaArmanKhan,-1,1333.0
i_a_goncharov,ghoba,1,1190.0
carlos-miranda,Munro84,-1,782.0
Irfankaan,KAFUSU,-1,1191.0
Speedrock,Amjed84,-1,1925.0
petropick,BuddyChristos,1,1053.0
Alfred_527,WaterCeiling65,1,1323.0
mehtarimehdi,Shehan_0123,1,1388.0
rishanth29,Tnchamp02,-1,2083.0
TitanYuri,DanieLgav,1,1205.0
jjjooonas,drEpV,-1,1500.0
Matthew002,bakiliii,-1,1930.0
Suptotthita,Denspok,1,1153.0
RaBuDa,edwardws,1,1348.0
ChrisKoenig,AAdrian,1,1729.0
Indigirka23,Genyu_Odds,0,1705.0
kashibafc,MFcastilloo,1,1353.0
boccuto,Joseph7Nj,1,1073.0
opalo93,ieverton007,1,2012.0
PabloZa,CblBOPOTKA,0,2031.0
Wayzata-Soto,,401,1500.0
Jesus_Fistus,,401,1500.0
kashina,uberjaggin,1,1002.0
nhjjsanss,LapatinN,1,1105.0
kkparisa,LEB2008,-1,775.0
demoebius,Konstantin_cherkas,-1,1427.0
sambradenq,elifo2016,1,1117.0
CharilaosK,armen63,-1,1650.0
FKN2015,,401,1500.0
H80K,,401,1500.0
Tactical_Bharati,Renaud32,-1,1408.0
Imburaking,Erdikici,-1,1238.0
Samarthmahajan14,shrishrimayank108,1,1541.0
bredev,Oleshulg,1,1765.0
themadiz,Engboodka,-1,1489.0
N0_bra1n,AlexeyPersh,-1,2317.0
maz1956,niltonsalina,-1,1602.0
maz1956,niltonsalina,-1,1602.0
albertony,Sethesis,-1,1125.0
ebarrebarr,Alderman_Haveron,0,887.0
sttuxxz,ony88,-1,1358.0
MasterBlasterz,Meedzz,-1,1554.0
ForzaAzzurri,Aziz1127,-1,1651.0
baiyibai,hamedazad2001,-1,1759.0
shacharen,SergeyShil,1,1444.0
bobbythekingofchess,Beautiful_Disaster,1,2439.0
LioN_10,Zhenin59,1,2230.0
vijchauhan,Cryptohumanoid,-1,2108.0
vojtafuka10,rengucarlsen,-1,1771.0
SeriyVasiliy,ravan987654321,-1,2202.0
MB-21,Alobar79,-1,1514.0
katkoot106,beevx,-1,1248.0
EdwardNewG,Montrose02,-1,1247.0
Pranav17052014,seyyit_41,1,891.0
Toinou,Caschmirr,1,2503.0
Du6,btomcuk,-1,1156.0
EnmanuelPLC,Artur2805-5,1,1700.0
Mortoxmard3000,VanThanhPCC,-1,2631.0
DurgaDeepak,simerinhio,1,1883.0
Kuba_93,XxvlkxX,0,1477.0
dolphinman8,Almir1973,1,1998.0
Alf19,Unrealos,1,1421.0
Bulanova1993,Koi_Karpfen,1,1673.0
beyfendi38,Caco_5,1,1421.0
OllieParker,Mahendarjohn,-1,1834.0
KuLjoT95,mariaanaa2016,1,750.0
celtec,ALEXIDROGO_UNPRG,-1,1846.0
tahadinc43,Brsylmz87,0,1208.0
Trishankumar300410,DKing1,0,1356.0
Shiv-09,PouetM,-1,1090.0
LeonBABICH,,401,1500.0
slimcool48,,401,1500.0
Suzannecris83,JTBS2020,-1,1950.0
DemirhanIsHere,LazyBaby,1,1417.0
IshanSminesh123,UDnTmTtR_GiVeUp,-1,2195.0
Vassalos,AQUA_Artox,-1,972.0
DBento,BDK1948,1,1939.0
saisadasivarao,Kotohod,1,1342.0
Dima_chess_2015,ypunch67,-1,2023.0
iam27_Russia,paparealsmooth,1,1382.0
Rudi_27,kpearlkmanic,-1,1289.0
shreekar157,ahmedchess70,-1,1645.0
elektron01,sinkla,-1,1672.0
parfumdreams,ismail17100,-1,1595.0
Uno_nunca_sabe,danauv0912,-1,1674.0
FedorSulin,,401,1500.0
elkieyhady,,401,1500.0
parth704,Nekhudzhigahe,-1,2007.0
W3rty_Pl,karaoke7777,1,1329.0
masoud13611361,daronlu49,-1,1527.0
Camargo293,XOKINS,-1,1239.0
abi_id26,RACHELLEB,1,1250.0
swper,lucasalvesz,1,1163.0
malma2020,vikiturbulent,-1,1705.0
Kostya0413,jtown778,0,915.0
elheraldo,rajupagla,-1,1188.0
CoachJohn,MarcusAV,1,2262.0
playOnlyWhenIdrunk,BruceWaynE_0,1,991.0
KKRFan,tanavbarve,1,1129.0
PedroPedro,bdchmie,0,1671.0
ghodagadiwala,VaskoZaba,-1,1560.0
blueista,Viveka2023,-1,1784.0
chesster05,SamarthSjoshi,1,1473.0
ClovenKane23,Jk_Luis_G2,1,1648.0
angel_46_Mrax_pro,mr_el_mouden,-1,1528.0
NonaJeje,adolgov00,-1,2043.0
Orlandrd2,Ogomah_MD,-1,1892.0
takanoyama,german11,1,1362.0
MarcosdeCarvalho,castleless_king,1,1763.0
potsane,tovesk,-1,1086.0
zzpuzza,Marietje,0,1319.0
TSYLex,SALIMKAMEL,1,1955.0
Vili111,iiiob2,-1,1454.0
VENOMMONEV,alvisinger,1,1770.0
Srinidhi14710,Pandamoniy,-1,1077.0
gayathrirajesh,PNandi,1,1191.0
stirmax,Alex-1982shev,0,1559.0
i6ixxxxx,Younka1,1,1071.0
alfarizi_15,,401,1500.0
TrippleTJohn,,401,1500.0
betgo,Heuler07,-1,1489.0
Minhquang-THschool,tungnguyen2016,-1,1658.0
BigDogue,walid2024,1,1169.0
andr1981,Duban_Alejandro,1,1920.0
Faru2131,GyanAplayschess,1,1383.0
dariomm_7,bast86,1,1082.0
WonderTharrshini,Inexist,-1,800.0
MisterSlash,kami1,-1,1480.0
barrioni,PhantomGambit,1,1696.0
Mpumzatheknight12,LittleLionMan,1,1212.0
AhmedFromAmerica,joseipg,1,1699.0
JuvenaaGomes,Bar79Fr,1,1020.0
Batman20046,,401,1500.0
ManueldeReyes,,401,1500.0
SiyahOrfe,Fl0mb3y,1,1063.0
MagnusPalmi,MiguelRoberto,1,2308.0
RipeLemon,colo1234,-1,1789.0
hawkij12,KantoAndria,-1,1771.0
MarkTLT,MAkdalin,-1,1484.0
Zeitraum,Vaniasoad,-1,1014.0
Andreikudrya,derda_ari,-1,1332.0
Johnwick1234,astani,-1,1600.0
Johnwick1234,astani,-1,1600.0
Katleho-Pitso,ncc613,1,2065.0
peterackland,Hannes187,-1,1324.0
TUTIO123,RudyCR7,-1,1972.0
TUTIO123,RudyCR7,-1,1972.0
Nikkisif,ssegeo,1,1848.0
Claudiman,Whatislov3,-1,1160.0
yolan1thenob,lemonchelloo,1,1168.0
Makabusung07,Beribubintang,-1,2040.0
himanshgothwal,Kaan_Bedir71,-1,766.0
karpasparov,TheRookOnTheHill,1,2295.0
checkmate2428,One_Capi,-1,2201.0
nehasri1989,captain-pio,-1,1945.0
tschorodrick,Abholzung55,-1,2058.0
StampLW,Goce54,1,1768.0
Myschina1,,401,1500.0
whitetigerkingpro123,,401,1500.0
Salvarode,jzpeh,-1,1659.0
Midnight_seven,Fawy_2005,1,1126.0
crystallizer222,Dertop76,-1,1393.0
CarlaATBrains,lung80,-1,928.0
xandercarlsen,addhaher,-1,1529.0
oy42507,kothacker,-1,1738.0
socojay,alexaakhan,1,1348.0
Pilot-Danya,Vivekanand211074,1,1539.0
Reshma_786,fritzinger42,-1,762.0
wiosennydelfin,nunkin,1,1082.0
dob3120,Geni-64,-1,2252.0
ToyoGlumov,DerVielSchwitzer,-1,1086.0
Agmotex,Gabelflizzi,1,1047.0
CANKIYAK,Thrakia,1,1502.0
JCassChess,Oggi55,-1,1558.0
Starfin7,Fedanick_o,-1,958.0
SANIDHYA1301,PawnProgress,-1,1343.0
Nutzer5,R3hat,1,1205.0
theycallmegoddes,whendy01,1,1826.0
arzu44,Lolochess77,1,1696.0
barnaba03,Mahi_mastermind_0707,1,1207.0
trivia-L,cyber_hunter101,1,1579.0
paddieflynne,WolfShaker,1,1833.0
EVERMASTER,Rocketrodney9,0,1969.0
nedirtkm,CHESSAMS,1,2252.0
zoro_oni,cazemir,-1,914.0
ezzzlily,EgYrInA,-1,1173.0
bja555,F2-freestyle,1,2461.0
bja555,F2-freestyle,1,2461.0
MaartenWie,AlbertasAkmene,-1,2060.0
Demyd_Havrylenko,Overbeek,-1,1523.0
YaroslavTsypkin,hall88,-1,1854.0
PankajKshirsagar,SERGEY_S-2018,-1,1821.0
M3chi,herbert_barrios,1,1380.0
Titov_SF,HansWagner,1,1973.0
Anriudh,Dezza-DvD,-1,2183.0
drsnglu,Alehandroooo,1,1073.0
Kratos_B05,Szachistka73,-1,1749.0
LeiZ123321,klintosik,1,2212.0
pavest,peruotto,1,1574.0
carloo_3,ttnick,1,1413.0
Arian_Eydisani,Temacho,-1,1060.0
arcadian,RLeeP,-1,1246.0
xpe6a,DeadJester22,1,1626.0
MuazAlagib,Smaa-89,-1,1942.0
Mainrival,Ryzen9_5950x,1,2619.0
Futbolist789,THEGREATCASTLE01,1,1967.0
Lev_2008,miladyusefy,-1,1815.0
fs_Ahmed,mnagi1,1,1431.0
Hirus2002,bennyp3,1,1282.0
Kurosama35,Beschuetzer,1,2337.0
contago,Boogeyfan,1,2008.0
btahtabas,Pumita14,1,740.0
JoshuaWoodward,malabaro,1,1188.0
Pelanos,SirDaja,-1,1010.0
Jobaboun,MiloslavX,-1,1208.0
markopk,calvario19,1,1440.0
Schacher100,vasekpaulus,-1,2262.0
alfados,mycowan,-1,1360.0
Swanse,Ivan-Abramov_89,-1,913.0
jumentol,Keser_07,1,1214.0
aftabmengal,EternalKnight-1,1,2115.0
Drabaden,ispa_chess,-1,1226.0
trunghieuyt,Malachyob,-1,1214.0
enchochoyt,Deathwedgie,-1,1486.0
Isac_Moreira,iortega17,-1,1331.0
chess21411510,TJ5,1,2291.0
zincate,RitabrataDas,-1,1544.0
atoll53,ramabiswal77,-1,1582.0
Sanul-P1C,secondsherlockhome,-1,1085.0
vinicius_sass,ReinsDaily84,1,1389.0
FaultierB,Flexah,1,1288.0
colebn,Agutin007,1,910.0
parhamalinezhad1395,Migdol,1,1621.0
Anoopindian,slavinpupok,-1,746.0
creddy0001,OneDarkNight,-1,1920.0
Khairul_arif_amsyar,fredy77777,-1,1530.0
uranoathos,Sreekanth-singaraju,-1,1542.0
Novichok754,amjad7777,-1,1543.0
noteblues444,polmorfi3946,-1,1862.0
Motherrussia_Yeehaw,gastros,-1,1768.0
startsevsergey,yavuz19750,1,1370.0
XLILM,thatchris,-1,1790.0
Toaster4u,Anissimo,-1,1382.0
Bykovskii_Boris,Ioann83,-1,1872.0
AmolTyagi,juju-beans,-1,1695.0
Pyscon,ajetre,-1,1731.0
Vladimir_99,Akashah01,1,1807.0
Dottore_LaFolgore,Romanoe,-1,1967.0
otiko2008,fachero,-1,1864.0
Smv-k,Tchoupiiii,1,2324.0
WittyChessPuns,MrBorsch,-1,1129.0
SirJccc,shurik888,1,1588.0
cayu,mrkowalczyk,1,1637.0
Bishwanathbts,Lotuseletre,1,1012.0
kabelo2006,Supu-Ya-Mtura,1,1805.0
ErFenomeno,Babalokhnath,-1,1775.0
Pewloka,Ahmed__Horus,1,2106.0
Raicker,Ulyanova_Elizaveta,1,1045.0
wolfepup,hopedieslast,-1,1214.0
diegoagustin,thannuk,1,1460.0
Resevilchess,Shcherbashin_Victor,1,2559.0
Crax26,EgorZakhar,1,1643.0
Gr1shaK,Lengox,-1,2360.0
Arteaga_felipe8,King12324,-1,1489.0
wamizo,,401,1500.0
Potang7171,,401,1500.0
sathvik1105,Vshokk,1,
FiliPPMEXiKO,gabrielstacy,0,905.0
KnightDescry,YagmurSule,1,906.0
SeregaVulkan,novikovcheckmates,1,1678.0
Shirinchess,So0o0o0zi,-1,2507.0
samuelsaga,Avram069046272,-1,947.0
Nofresi,Richard-Jonathan,-1,1993.0
SW02,scripted26,1,1575.0
manosj,Mikki_ru,-1,1779.0
doppelschlag,Karlmanu,-1,1278.0
Saprun1024,turkishgambiit,-1,1114.0
ShaneDaBrain29,Revan79,1,846.0
DragonfireZ,Riversea,-1,1596.0
Junkh34d,Dianos47,-1,1286.0
Artamonoverg,mehregan88,-1,1235.0
zkrepps,LouisCharlesMahe,-1,1804.0
alekhinnemanaba,arno111,-1,2441.0
Kot59,Owechkin_1962,-1,1636.0
USER-165,Jeffreyede,-1,1471.0
shahdhai,icumtears,-1,975.0
rrpeter,Aly_Haroon1790,1,1148.0
Mohammed_daozawy,pumas-barcelona,-1,1794.0
itschess01banyediaq,sergey36,1,1680.0
Lagoa-de-obidos,travbicklee,-1,1952.0
Kenorb666,VojskaRS,-1,2265.0
spiterozo01,GORArm2016,-1,1606.0
Artilerije,gaborkukac,-1,2252.0
HinDavid,Eduefd11111,-1,1144.0
Tamrin87,Mismaluna,1,2135.0
Tamrin87,Mismaluna,1,2135.0
ArsenBelarus,PacaWaca,-1,1903.0
dudaksizzz,sor_33,-1,1440.0
implay,AlekseiR,-1,1859.0
JPractice,Shoeyuz,-1,1791.0
Pblu35,Fildzan-bezbeli,1,2323.0
panteranegra2390,LightLove333,1,1875.0
elaganail,AzamRahim2017,-1,1726.0
Phontsha_1,Timslava,-1,1625.0
hitthebongjack,Zaurbek_Kheteev,-1,2271.0
KG77,CrispoOrbis,-1,2318.0
Dasharathisahoo,Manpacas-1976,-1,2077.0
groccc,Hussein3,1,1617.0
Dark_Fenix,Igor9999999,1,2374.0
CaptainAymanChess,BadrSherif,1,1553.0
llll_lllll,Monsiuu,1,1169.0
Presly_Fischer,diomarjesus,-1,1424.0
YAN2345,Tyy123,-1,1172.0
lucas_ar,Frantechec,-1,1611.0
akozlov002,Telmen68,-1,2075.0
LUQUETJC,Aneeqkky123,-1,1286.0
Saidislom33,Quaternionic_knight,1,1619.0
agrendallan,stephhoch2,-1,1747.0
jospascual,waisqarni,-1,1962.0
Peculiarity_ensuing,ashvin1958,1,1430.0
BatataWn,GRANDMASTERHTM,-1,1029.0
Clementpena-14,Zegarra,0,1956.0
Danielstrike,revan25,-1,1302.0
antrasi70,haudenhorst,1,1759.0
Abou26,semyonMo,0,1382.0
mehdialigol,Kamil_71,1,1886.0
Carlos-Ecuador,Jonasovich,1,1219.0
alireza500,testacc_2,1,1313.0
Pradeeppbt,IlTipoCurioso,-1,1348.0
txere,gio4321,1,1430.0
SergoZubr,entezar514,1,1770.0
walidxnasr,rlrodriguez,-1,1125.0
MAGNUSLEBARBARE,Marcus82,0,2010.0
RjadM,littlegad,1,827.0
Boris_2185,,401,1500.0
mdranjbar,,401,1500.0
Dadisalwaysgreat,dungeonmax,-1,1591.0
afshin80959,pixi041961,-1,1595.0
kameramen0,ldoud,1,1358.0
gamerblaze7639,Yojaaaaa,1,930.0
Daggeah,LifeGoesDown,1,1408.0
Daggeah,LifeGoesDown,1,1408.0
BlackDog888,gzedan58,-1,1176.0
I10qbest,Zakladka,-1,1365.0
Alfredo195,Egarranit-javier,1,
NURHISHAM07,Seytumer,-1,1415.0
Sergei_Kasakov,Sonhamle7,-1,1509.0
gluteus4maximus,Synaptronic,-1,932.0
Elajedrecistaguiller,reprwarrior,-1,2000.0
NoobKyller,CoolMan74,1,1660.0
Ronald-Tepan24,MARIO1962,-1,1522.0
chuchmek2008,MarcoF89,-1,2413.0
yassin-ahmed13,Joyboy2023,-1,1042.0
Arunithya,scubatron,-1,1371.0
petrkraus171,imfrei,-1,1445.0
jabanchic,Hussein_maeya97,-1,1460.0
NazRod15,LaLegenda0F7XYT,-1,1319.0
Maaz_js,Yeysi_luis,-1,1152.0
erdemirbasss,Homelander0,-1,1881.0
ClubArevalo,SHEFFFF,-1,2511.0
Daniil2558,JFFPedro,-1,714.0
AndruCaptain27UA,dlew23,-1,1214.0
mostafa_mando,YBT_Yaman-Bilgi-Tv,1,1602.0
VishagAdhav,parikshith_pradeep,1,1688.0
oaland,leadr_14,1,1338.0
AlexanderSh55,frankewofobe,1,1916.0
Semen-s-wysoty,Take8ook,-1,1075.0
Anderson712,WindBroke,1,991.0
phaeophycean,AliMohssen77,-1,1310.0
SomeGuy1117,Snake8318,1,1318.0
EvrenDogmus,ga_6ygeT_cBeT,-1,1748.0
Tekukur,Wolf_neville,-1,1554.0
rahul1117,lc0nstantin,-1,981.0
Danielskii,farsik,-1,1283.0
Zappanale,OlegKsnchk,1,1375.0
ldereyna,liwinz,-1,1251.0
klassik84,valeraua,-1,1964.0
moc1312010,leda1584,-1,1346.0
compozitor,arespk,1,1185.0
NITZEM,Sasha55776,1,1854.0
fafic,Pieter23,-1,1491.0
Bohner1996,david_middle,-1,1170.0
Cosianfiro,Zelmeira,-1,2050.0
demiryilmaz14,VEERMANI,-1,1851.0
zlinton8,CapibaraMaster,-1,1153.0
IAmTheSpeed,user_47,-1,1104.0
Ayoub67,Sprockel,-1,2434.0
tiltedRoc,Chithra-lal_123,-1,1341.0
drooksh,loosroman,1,1421.0
athe48,Megantara_Wowor,1,2105.0
Chekkonen,sahinbayar,1,1773.0
Gabriel81180,abwfares1965,1,978.0
Silva001,Jayruesir,-1,1898.0
shreemannarayana007,ABAD00N,1,1722.0
vexplorer,sjkim,1,951.0
asdiapotatisen,mijacho,1,2086.0
DufresneAndy,Lokomotiv_78,1,2209.0
subo333,Victorkrrizo,-1,1609.0
Vversipellis,BrankoShibarevic,-1,2400.0
anasse2869,Che_Vladimir,-1,1773.0
Sweetheart_Lollipop,Danny73,-1,1914.0
Albomba4444,AlfaBarbro,-1,2313.0
newacc_19711973,yanis22,-1,930.0
Zaplya,Lost_braincell,-1,2566.0
Zaplya,Lost_braincell,-1,2566.0
MihaiPavel,Anybodyhelpmeplz,1,1170.0
rithu_chess123,larrinaga92,-1,2042.0
arrested_development,the_old_one,-1,2085.0
YandelDC,Ps23-1,-1,1704.0
ozadin,Sebastian29111973,1,1479.0
Blacktrap303,Marcus678,-1,1559.0
postglobal,hitorilmao,1,1038.0
chieater00000007,pupilochess86,1,2647.0
chieater00000007,pupilochess86,1,2647.0
lovelyo,Gjilani,-1,1256.0
checkmate3212,ThreeMoons,-1,1647.0
nightmare7x,Krisschan,-1,1891.0
shubimuthal,Alammonjur,1,2217.0
ioooHoooi,Raptorist,-1,1811.0
ferhat_atbas36,sefaosm,-1,777.0
gfrancis_6,miyajeen,-1,1234.0
crazycrab,GMjorge13,1,1952.0
Justo73,Fermionicboson,-1,1087.0
AFERROB,King0fBlunder,-1,1551.0
fourknght,Vicky-Kirojan,-1,2114.0
pascalquartenoud,Mr_Liontas,-1,1337.0
Thomas_op13,ChrisHH24,-1,1439.0
GERAmini,Sokratis29,1,2197.0
NeworldsPS,mmmmaaa,1,1639.0
AllRino,Praveens1978,-1,1725.0
WarriorParth27,Yatti,-1,2190.0
rv1ces,masterleo81,1,1907.0
coolie95,Antecurs,-1,1949.0
MigueFernandez,Jurist111,-1,1962.0
Trader72,LoneCypress,-1,2604.0
SerbianEagle021,Sixboulots,1,1753.0
Danialnajuan111,hkteh5566,1,1349.0
aidotours,ermil,1,1431.0
roygbiv,ChrisMeyer,-1,1472.0
larastar,SegaSchach,0,1615.0
mariozivovic,zoronk,-1,1845.0
Lirzad,FantasticCabbage,-1,1430.0
Natanail,RandomChromics,0,1247.0
merterimtek,Vincenzo_E,1,1108.0
jibisme,SaveTheQueen2020,-1,1645.0
zacharyfeds,mawhob,-1,1956.0
alirezattavakoli,Sakkmatt2012,-1,1721.0
jonatan-jaguaretama,claudioxd,-1,1893.0
LWalden,ombajay,-1,1737.0
Mark_S_Ingcad,Ruschus,1,2230.0
Mayank0801,NetheredX,-1,1129.0
sukmibeautiful,surypratap_in,-1,1519.0
BonumPencsis,VasTer78,1,1300.0
tlomz,Linnegor,-1,2033.0
jloychin,,401,1500.0
username1826,,401,1500.0
graagon,Ahmeterarslan,1,1928.0
ja4516975,CheckmateOfMyopia,-1,1556.0
chamilton,slowride,-1,1641.0
bela-csi,Lucky_SLI,-1,2134.0
Akshi598,DHH2,-1,1008.0
blue_Air1,alessiodisiena,-1,1492.0
Zsolt1981,Maksi3,1,718.0
Kienbeo123,Luzi99,-1,1105.0
Dmitri1985,Eciu,-1,1769.0
gramrusjr,SumantaPattnaik,-1,1887.0
Almanueva93,Rookie1o1,-1,1946.0
Federico_0007,nemam_blage_veze,1,2452.0
icywhirlpool,Hisoka238,0,753.0
corsaru20,ojoloco11,-1,1174.0
PeReKaTaL,Kayu-Riku,-1,2500.0
nisg122,maskedavengerpjw,-1,1220.0
Cemalto,leon959,-1,1620.0
conrad0001,MrLepeshka,0,1524.0
Abishan99,Gomin_1964,1,2252.0
ceckel,Pousseurdebois77,1,1897.0
butsukolivlang,KeinVerlust,1,2281.0
RareCanvas,Sclass500,1,1600.0
Erdinch,NeptunMZ,-1,1828.0
kbnation,Verlierimmer,-1,1256.0
mimbletonja,OmarGlls_20,1,1716.0
CHESSRBOY,KENIOMENEZES,-1,1510.0
UD2022,GARZINNDHI,1,1327.0
carpino,Viaceslavas,0,1395.0
TomVig,AlexandreScacchi,-1,1356.0
marykush,JONGIN_JEON,1,1900.0
Dhruvinchovatiya_07,adacovsk,-1,1802.0
americpeter,M7al,1,965.0
Accrow,aleioannou,1,1613.0
SamuelRo-FICM,bgkuvguk,1,1257.0
A_ramuk,alisani_safar,0,1828.0
obbikenobbi,fayaz444,-1,1085.0
fatehadib,KrishRS,1,838.0
Elgordo31,roro91,-1,1759.0
Bhargava_Reddy,the_dmg,1,1175.0
AlekhineMyBeloved,beautiful_flyer,1,1590.0
shreyanbangera,Pelezinjosi,-1,1014.0
Spyros_44,kcuser1337,-1,2082.0
luckyoscuro,sneaky_ron82,-1,1809.0
Ali0lev,Yura812,-1,1084.0
thashwini__poojari,Kerei2024,-1,1283.0
Josh1109,Chess_srijit,-1,1320.0
sandip54,Edna_Moulic,-1,2230.0
karmaron,sacha1971,-1,1633.0
WolfgangWoller,Michael-2020,1,1464.0
Vandamdidam,Anarchil,-1,2326.0
themutiny,Bowflex3000,-1,1657.0
casiinoroyale,sushil_123,-1,1730.0
todor680816,Excoach57,-1,1913.0
Echecstourix94500,majidtirehkar,1,2083.0
Afifrayyan,,401,1500.0
mishayag,,401,1500.0
VanSh23,MagnusPolgar,1,2038.0
Chocolate626,Kaeshur,-1,1407.0
a1d2e3,sea_sight,-1,2006.0
warknow123,Nana007,1,1243.0
Laging_Talo,litorg22,1,1688.0
Itsezzy69420,SantiVeloso,0,1096.0
cubic987,PRABHU-JK,-1,852.0
rocket3016,Anonymoussamurai,1,2438.0
oguz89,muralikrishna1970,1,1216.0
Giachemo,Meseca,-1,1488.0
bookcase45,miriart,-1,921.0
aleks2510aaa,warpsmith,1,1769.0
ACarreroPUC,Chigrara,-1,1745.0
Chyren06,Darvykay,-1,1666.0
Alex_Harry,andreibgd11,-1,1395.0
ivantgm,rafadakota,-1,1381.0
Joak75,Faraday_767,-1,1097.0
RC390,Oddjobb,-1,1970.0
adig1211,dNz91,-1,1047.0
Whoa322,Isam12,1,719.0
SirConflexe,George55,-1,2003.0
brunobos94,ivanilyic,0,1618.0
phantomhell,LastPawn08,-1,1619.0
DavidMartPer,SharkKing31,-1,2102.0
Gaser15,,401,1500.0
prochesseur02,,401,1500.0
Dook10,longanizo,-1,2346.0
Yury_1961,Selfmade007,1,1668.0
saipranavdesai,JhojanMM,-1,
abobandit1337,Steilpass,-1,1358.0
mikle312,cHrom-v,1,1520.0
evgenevgenr,lolito59,1,1890.0
md_araf_hasan2009,Bakibuka19,-1,1334.0
Acidoliturgico,aminooie,-1,1920.0
oldman62,alex_bodnar,-1,2316.0
mahan90,eperne,1,2010.0
cvasile,Emerick2411,1,983.0
dejavu149,omaressa,1,1312.0
FC2038,HAYK81,-1,1641.0
mkmad777,DEMEGA2020,-1,1691.0
Abhinandan14,Darsin_123,1,1214.0
schultze,StrategyInLife,-1,1739.0
methnadaLISG,Rejecs,-1,1087.0
Taylanhebe,Bup17,-1,1157.0
Cobehamchoico,Scarl3t,1,1151.0
DonThie,DENONDP,-1,1797.0
ihavecoffee,Tesii,1,1861.0
roloevaa,pakillo,0,1579.0
Robinzulu,Sussa,-1,1841.0
SergMag3,Ricky32,1,1564.0
aal17,Yuuichi3697,-1,1000.0
Kushnir_Anton_Msk,Sulimov_Alexey_Msk,1,1345.0
clarkoclarko,Abosalah111,1,1157.0
Chase_Deadsize,bon444,-1,975.0
Zimbudzana,ambatochess2023,-1,1940.0
Hikri,alpercoskun,1,1456.0
MiguelFanego,juanjovca,-1,1246.0
dep123,NateBrady23,-1,1849.0
Kefir911,Ig4444,1,1882.0
Francescogull,ashton22,1,739.0
adrenalinedu83,Golfbuddy2929,1,1663.0
Vetvinod,TitiFeudus,-1,939.0
karkas1950,D3vonStack,1,1817.0
Zikok,kasatk50,1,1955.0
alcowa,Sofia_1711,1,1082.0
RienSePasse,jonycage15,-1,1902.0
Probe1,rajat_raju,1,1251.0
PurpleLynel,Spider0nWall,-1,1122.0
DodoyKrizVillareal,Pekaropa,1,2322.0
PaterRalf,ricardowill,-1,1263.0
Szymeczq,IsaacAniefiok,1,1714.0
sens235,beetle6821,-1,1250.0
Nemo_The_Fish,,401,1500.0
SuperSnikerS,Traxtibidox2002,1,1742.0
bojkata12,StavR,1,1693.0
DilnozaG,Age62,0,1708.0
Manosfighter,blind_io,-1,1855.0
Poulipabe,sashalil,1,1543.0
josepat,rc368,1,1915.0
metin4412,Djerdji,-1,1285.0
udgith_22,JlopD,-1,932.0
mesuli,Hperm,1,1454.0
MarcelDk,Luchon62,1,878.0
Kavlahkaff,Julian50,-1,1512.0
Faruku,Vyrubala73,-1,2403.0
Asuyutb,Cholochan,1,1802.0
altr4z,klimokrates,-1,1725.0
panayeet,RASS_X,1,2027.0
WolfMcCloud,masco_828,1,1104.0
aissamate,XavierSantos,-1,1349.0
Ybo123,sakia3,1,1234.0
VTLO,fixities,1,1924.0
Majedov,Construccion,1,1897.0
Baurzhan63,esembet,-1,1875.0
ochuaagung,AladdinCD,1,1504.0
RedDinosaur03,ChefsChess,-1,1025.0
Chessmessileo,esoj1230,-1,1767.0
ASDFGHJKPORW3,goianachess,-1,1801.0
confusedweather,catalystxcviii,1,1347.0
Mathawas,romulopascual,1,1352.0
joshuahudson,dubnak,-1,2023.0
zizu2410,Kailu117,-1,1239.0
Manishmaravi,Home_Of_Dragons,1,1375.0
AY_Lawiee,pks2023,1,1094.0
M7MDali3x,SheoG0R,-1,965.0
kvazimotor,Curt60,1,2022.0
DonOcean,AkhenatenAmenhotep4,1,1347.0
lottanang,UnnecessarySpirit,1,1780.0
Dimitrii1996,Alhatib,-1,1357.0
PauloMendes,vanykot,-1,1242.0
Aya_Chess_Queen,rdth,1,1441.0
Kluntje,jashu250804,1,1223.0
suyash_arya,yoooi,-1,1906.0
Conrad_Gagnon,Super_Shankh,-1,1348.0
CeoStolz,dallesubba,-1,1636.0
kornelsigma,maghi1408,-1,1589.0
stefanos2,Dexter-Lee,-1,1367.0
Weirdact,Pedrodent,-1,1599.0
WhatIsSpin,Roedder,-1,1722.0
zottel7,MasterofMilan,-1,1511.0
I_listen_to_music,kojol,1,1829.0
asadkashif,p12p,1,939.0
haukeschneider,Max1895,1,1007.0
sameer_trelleborg,isaacrobert33,1,1018.0
hungoverdoctor,polhg9,1,1485.0
ItzPtan,yborthemanatee,-1,1515.0
chessdummy81,DurzoB,1,1684.0
Matebence,Norbiki,1,1196.0
Warcrusher,NarenchessR,-1,1595.0
CayIDKWAU,,401,1500.0
Ataque-Doble,,401,1500.0
adityakoli055,Bogdanov7,-1,2163.0
BabaWon,ThomasNe,-1,1909.0
guqwer,REEV333,-1,937.0
Kashyrin_M,tecnomania,-1,2357.0
SsssTt,Tante_girang,-1,1749.0
JoseAajedrez,hernanmarcos,1,894.0
Decapod10,cstick3,-1,1295.0
EmmanuellChaurra432,Jair2024,1,909.0
NSK2017,Janani_jaanu,-1,1343.0
neo71,Tristan_Iressuh,1,1598.0
elviorojo,dkd2,1,1721.0
victor_duniach,C1951,1,1953.0
BullSocks,giulianosf,1,1278.0
Chupacabra11,Panov_Alexandr_Div,0,2331.0
DavoRobo,Schachfrau4711,-1,1332.0
nyang01,Lemon_Rabbit,-1,1812.0
kydesnikk,ValentynTaipan,1,1711.0
achnaratasaba,Liro11,1,1167.0
capkay,vegascommie,-1,1802.0
Alexeius,slametsugiarto,-1,2039.0
janoktenerife,Alexanderenigma,-1,1043.0
Samuelpsic,r_53,1,1717.0
ihsoj2020,safeerali17,-1,1574.0
Meikyeon,Tooolyan,-1,1238.0
Jarecek,karajcicd,1,1559.0
imfromkeralabruh,Afshinsedaghati1400,-1,2058.0
rKrnj,wErika,1,1206.0
Alexsaratov2019,egopka11,1,1561.0
Vedro_929,Joelan46,-1,1430.0
artimonky,M2rsi,-1,1317.0
CaptainSteveMorgan,Neo_Sono,1,1903.0
larueentn,killua118,0,1815.0
hypenja,Wolfplays,0,1333.0
delta4x4,mjm12345,1,866.0
m66o390715ri,veronicazzz,-1,899.0
Vdmaster22,Benisuperstar,1,1081.0
SoumyaRSarkar,musafir0319,-1,1678.0
Rafaelmarques,parthocuber,1,1089.0
supersayain1,IamXXXX,-1,2288.0
malikov33,blundermurderer,-1,
adrbo,dondiegoandres,1,1709.0
JuicerT4ker,BlancoyNegroAjedrez,-1,1239.0
rodolfono,MikhailPerekalin,-1,1574.0
Nolan84,Shahfaisalkhan,-1,1060.0
Sujal_2319,paunape46,1,1336.0
CryptoBeast,Jepen,1,1952.0
Phuriphan7109,clismanu,1,1038.0
alwaYs_imrove,elvanvanero,1,2144.0
jklvg2006,Dobrodej,1,1744.0
lucas7391739,tawhid7799,1,1229.0
black_side_inside,DenisUkr,-1,1528.0
Titanium91,nikito1997,-1,1232.0
abhi_965,M3SS3,-1,981.0
Smailovitch,svefcroc,1,1844.0
goon_hoon,troglodytamdominus,1,1532.0
Tasnim_taghavi,,401,1500.0
Rakesh2292,,401,1500.0
akash2771,MPGS2014,0,1703.0
maybezenitsu,sanoo1983,1,1913.0
Srikanth1979,raghugpl,-1,954.0
kadirolker,lightdust,1,1620.0
Naarplayer12,Matou22,1,1007.0
ITPVeer,Manolis86,1,1681.0
SURAN_89,kelemenabel,1,1009.0
CreutzKri,Paco-Senior,-1,1533.0
ART1276,CLRobin,-1,2190.0
Ansar777,Isidro71,-1,1993.0
the_chi,deSameer,-1,1436.0
Mrpoppy,Beyjiwart,1,1607.0
guruguruguru,deckmate,1,1520.0
Mainkraft11,MaksMorozov,1,1666.0
tin008,ProfBasel,-1,1580.0
Elbarto1984,sreedhara,-1,983.0
Timoumi_Mahmoud,eddiefreal,-1,1298.0
dorukozkan35,foxygrapes,1,660.0
ahmedosamaofficial,Tchematheus,-1,1785.0
ayvazyanars,raulando_08,-1,1732.0
DerSeb001,Suriyakumar,1,1211.0
BHngthuthaonguyen,BHnguyenkhanhlam,0,992.0
Maximilian2000,pfodox,-1,1861.0
Rodion18,DimasFantomas,-1,2023.0
tushev_yaroslav,GO_SAA,-1,1465.0
kingsleyok1,pem1,-1,1414.0
ValterAhlberg,goda123456,1,1297.0
ramzan111111,misterfol,1,1273.0
PepFerre,s0111023,1,1589.0
MedSadok,Stripped_Tail,1,1554.0
Ktoto-nekto,Andrey1609,1,1205.0
Top4ik2k,zuzun68,-1,1027.0
CaptainDada,namanese,1,1456.0
Bombard12382,Sergei_Volkov,-1,1393.0
Gamechanger9870,CAGGIARI_FRANCK,1,1968.0
Chaosbringer,gaeira,-1,1710.0
GeoMend,Takae,1,2049.0
Mantiz100,kifah,-1,1263.0
Rain_Go,RFNUNEZ,-1,2306.0
StudlyCurmudgeon,kurtillious,1,1119.0
parallaxNow,MLChesser,1,1997.0
omarchess20082011,alqaseah,-1,1420.0
MirodarMirodarov,Pavel_Potapov1986,-1,1264.0
joelbt,ANANASHUND,-1,776.0
Abhilash_Kokkirala,ATL4NTE,-1,1623.0
FJCRUISER,nbtodder,1,1581.0
Skejota,selim424242,-1,1802.0
cr7_ronaldo11,Dul_Tralala,1,1774.0
DoctorBayma,piracaia,1,1380.0
danieldeyro,rrmaura,-1,1569.0
bobbytassello,Kaisar1961,-1,1600.0
Redpatsallen2,BobJuma,1,1260.0
vojtoslav14,Roger86,-1,1127.0
jojocadalin66,fdseghn917,-1,1977.0
parapeta,superhuman007,-1,1259.0
jerzyzwiezyxd,mvaz000,1,1780.0
neobobfisher,Manni50,-1,2053.0
Nez296,J4YYU5_BTS207,-1,2004.0
MMbii4e7o,Papierene,1,1677.0
fadzot,quilos,1,1304.0
Joserizal1,juk5586,1,909.0
janved,Wondersmasher,-1,1311.0
kadonline,,401,1500.0
ali201614,,401,1500.0
madmaxed,pupoc-81,-1,1727.0
Filatovmb,the_gog,1,1372.0
Ickysong,cve160900,-1,2272.0
siso_12,FREE-PALESTINE2,-1,749.0
paljer,j-m-974,-1,1306.0
Gus2385,nunkin,-1,1082.0
sohilgogri,pedroos2206,-1,1801.0
mlangge,oidualc,1,1191.0
y1hy1,sergeimart,-1,1080.0
xaxa54,Timnown18,1,1354.0
JUDD7,habib_1992,1,1266.0
li-niklas,Jawdyn,1,1366.0
Mohammedtachfir,ludan24,1,1344.0
herald_of_nurgle,iswahy,1,1891.0
willthethrill420,uchiha_itachi108,-1,2178.0
Sriviga,ThentralSundaram,-1,907.0
Manhotelle,GooseGeese,1,1421.0
So_Hongyi,Pramiii,-1,1254.0
Ortriwar,magnum_cross,-1,1723.0
TrCyRaX,brogotalittleexcited,-1,1348.0
orfeas21,Reydemesa78,-1,2148.0
Ishanchamadiya,perfect999,-1,2070.0
jhgld,Maulwurfmann,-1,1518.0
robbied,ibrahimturan,1,970.0
Dreapadoir,doblegandoreyes,-1,1716.0
Xeque_matehello123,Sale2406,-1,1594.0
ChessPest13,chunchunmaru01,-1,1290.0
ALIJGL,argenismen77,-1,1442.0
Lethanhhoangtung2009,Jon4zzz,1,1873.0
DmitPo,ethicsgradientgsv,-1,1359.0
thegermanjesus,Saul_1207,-1,1059.0
DrWhySoSirius,A-N-T-I-H-E-R-O,-1,2037.0
Naf3diab,kishoremori,1,1281.0
anuhas201546,corepencil,-1,2031.0
well2010,nuovo23,-1,1042.0
DrChess17,Ukrainaboy,-1,2007.0
Hggh1,Henry47,-1,1703.0
Nybrott,Kibitkin_VV,-1,1840.0
aytug_9,victor678,-1,1519.0
ArtemEEE1,Rexfex,0,2061.0
Om_IKO,EpineyF,-1,1887.0
CapH69,hoverboy,1,1500.0
V_Vu,frostbite666,1,1310.0
JoakimL,tata_10,-1,1844.0
vevantor,morphy670,-1,2165.0
chess_terminator12,tb,1,1784.0
RooseveltandCicero,Russia_is_coming,1,
AMM7,PGriffinB,1,1168.0
Afika14,O1010101001010,-1,1599.0
nicemove,Toff86,-1,2305.0
Giahung17,Szabi,-1,1584.0
LIANCHOQUE_3VIC,Arthas53,-1,1838.0
Flessan,ibo_97,-1,1122.0
KlausSchmadel,Bartmann2,-1,953.0
DjaDjaMitjaGorbaches,Vlad7770,-1,1992.0
CiaoSonoUnBambino,MichiamavanoLang,1,1367.0
davronds,Risad001,-1,1757.0
wyrdup,,401,1500.0
storia1111,,401,1500.0
thal01,Lykkeseth,1,1111.0
Ajaypardale,ketzachess,-1,958.0
arsalansmailiy,Gamal77,1,1775.0
crapblanca,Fenix81,-1,2210.0
MareeshwaranAadhiraa,jordiSM,-1,1726.0
Speedrun4Winz,Noxius0,0,2219.0
Nedimyra,chisky16,1,1227.0
No0oK,Pain-Less,1,1209.0
MathAnalysis,amatoor98,-1,1690.0
Aplen,Medelmous,-1,1820.0
E-KonkinDmitrii-1,Zhangir0102,1,1125.0
omarekk,mebgm,-1,1115.0
Ricalex19,unclemeat66,1,1146.0
ThuyVy1805,TinTin2204x,1,1490.0
pirhamza,Albertoottomakka,-1,1215.0
Pibs0,Raphiphou_69,1,914.0
demacrit,Juwwi,-1,1456.0
zohirrassis,Javiermanz,1,1262.0
Zamb6,Idontno,-1,1648.0
DARKNESPLAYER,a14001400,1,487.0
AVidyut,Sadiquea,-1,2098.0
Zeyad20Mohamed,Adibekyan1983,-1,1778.0
Coskun4507,araldavuteserli,-1,1794.0
german11,Jes23,-1,1756.0
hmmleiva,masked_oav,1,1515.0
Mugzy3000,karenathumber,-1,599.0
keremturkan,muuta,-1,1598.0
Destiny5000,Patissot,-1,1851.0
J_Carneiro,Marknus_Carlsen,1,1766.0
Nellsonwm1986,Counter-Creep,1,1121.0
koushiktalari,Nopsy,1,1880.0
popol1,Amanda_Lucia_BOL,1,1167.0
gubfy45-08,Cristophwr,1,1423.0
fernandocamoio_94,GregBob7,0,1388.0
hemskirk,YATIV,1,1425.0
juanfernadoramiriqui,RadiAlarabi94,-1,1083.0
chris1982,Bratzo,-1,1501.0
boletus3,bactian,1,1020.0
Ben_Benoni,,401,1500.0
tttttcvvvcc,,401,1500.0
Nickerly,Akil22b,-1,1481.0
Andri_Irawan,ritik26,-1,1439.0
ali1513,Cakir53,-1,1515.0
Adarsh2_o,danash36,-1,1957.0
Anonimus1328,G3m2s,0,1520.0
kant7,smpmme,1,2054.0
Manuda,HIRUNRAn,1,1506.0
Sava2024,adanajack,0,1194.0
gOPirAVitEjA,sunil2272,-1,1562.0
ahmet_87,jlomb,1,1719.0
Limon4g,shaileshjain11,1,1870.0
Qwaider,faraj001,1,1611.0
DarkZenin,ColdLikeWar,-1,2120.0
kevita_shakila,azzamciboy,-1,2038.0
New_London,Ikta_14,-1,1344.0
AKAgila,Janmoslem,1,2021.0
pranav_shinde,ahno,-1,1557.0
Buchi091,moshedavid,-1,1348.0
omikro68,vollo,-1,1796.0
XudoyqulKarimov,diegoaje,1,2113.0
Serega_Blacksmith,Roman2311,-1,993.0
burma66,Adrillia,-1,2190.0
nonoybuenaventura,Togobert,-1,1661.0
ronniak2,Le_Karma_365,0,2211.0
issamg6,jakk_o,0,2029.0
magokus,batomko,-1,1689.0
Pavlik21,Boardbuster11,1,1086.0
Lathon,totoroo,1,2304.0
A-wirr,cteixeira,-1,1459.0
AignerH,CESUR-YAZGI,1,1124.0
bhupendra68,bery88,1,799.0
marsel007_007,SERBIANGRUZOVIK,-1,1236.0
astrof,Portolu,1,1847.0
ulazar3,Santi_Re,-1,1408.0
cytreQ,,401,1500.0
ZKrras,,401,1500.0
Nwab,Lambang1,-1,1930.0
jcaloz,FunnyTyrant,1,1678.0
Chess_L_B,batinbabasikeracimaz,-1,1500.0
Samim_Islam,vopice,-1,1537.0
Amichesss,Adamantet,-1,1499.0
doctor111999,Dacrumm13,1,1466.0
MozWazWoz,Nuno03,-1,2279.0
Kushons2K1,JesTerXTR,0,1798.0
Mayank1892,xRazielex,-1,1367.0
AminAgha,fede456,1,1593.0
fatfeta8,Oprap_UDINUS,-1,1472.0
aryan1393118,iraj98266,-1,1015.0
bembol123,mushypeas33,1,1362.0
Frantz83,KJRogers,1,1810.0
SAANKULP,KarthikElango,1,2052.0
Eisbein,Haqiem0707,-1,
angelo59,markos6sei4466,-1,1887.0
UNKNOWN_CHESS_LEGEND,Dyranch,1,1442.0
ta-veren,Ruiner7777777,1,2018.0
yasserjt,Walewein7,1,1440.0
BaySkolyoz,,401,1500.0
eladsade,,401,1500.0
ScottCC,Teymur_Faradjev,0,842.0
KhevinSubra,Nonsila,-1,1136.0
ArielR29,ibim52,1,1495.0
windhover,kael_mk,1,1874.0
Alvise1,TVOY_STRAX,-1,1214.0
so4ev,kristya24681,-1,1911.0
Tharsic,Helloworld123ok,1,1291.0
acemrek,hipocrecia,-1,1705.0
Sudharshanv,DimonSiritsa,-1,2413.0
Mes_seM,jacksparrow22,-1,1502.0
chessushka,Nitesh3999,1,1411.0
Pawnman151,Ger4iiiik,-1,1195.0
superstirer,morozoffrus,-1,1356.0
h1234hxnnxh,Erzat228,-1,909.0
whobertoos,Kaptasha,-1,1808.0
Destiny_Dreamer,Shrey619,1,1786.0
varsh-frost,Dinokeya,-1,1358.0
ingavure,,401,1500.0
shanvithalahari,,401,1500.0
Parishi_k,zulalelif,-1,1073.0
Andreiivanov1974,ossamapm,-1,1299.0
Phamson-2015,bodya_pozitiff,1,1157.0
LittlePawnee,nabuznik,1,1478.0
nourradwan2023,A-H-dur-dur,1,1421.0
flappypigs,LukeGin99,-1,1208.0
Kite2009,ricky72,-1,1653.0
RedQueenre,Nishant2998,1,1500.0
jorgenholt,Anggara007,1,1529.0
P0rkus,Raidho02M,-1,1095.0
Mrigangka_7,MyFigures,-1,1460.0
KingAhMeD03,Delapimba77,-1,1316.0
DimitriBermuda,roby_2017,0,2200.0
ChessOneIlyasAzimov,,401,1500.0
Middle_Dominator,,401,1500.0
Aliyarov,axeman0,-1,1067.0
xyz689,Nkolo,1,983.0
ChessMasterClass,JRAlekhine,-1,2003.0
k_20,nadernowroozian,-1,2058.0
Kangboloon,marcello220262,1,1568.0
danilkamaster,Chuck1313,1,1379.0
pedroyamakami,Hasjhim,1,1219.0
JIABEJIAC,koranskii,1,1418.0
Silvajeff1,FiletobeyYoutube,-1,1474.0
Garg_07,tayari65,-1,1410.0
pe3a,Isaranchin,1,2146.0
Shift_132OTT,odiolestate,-1,893.0
mojtabababakordi,rmsph,1,1890.0
dayanaskgn,Kataria007,1,1408.0
Learningtopro,yury1961,1,1661.0
foomytolog,arrieta2201,1,1895.0
Klasseman,gsideris,-1,1916.0
ErickJosse,sash-101,-1,936.0
parsa_karimi,kontdrakulaea,-1,1331.0
Ashuto238,gorand,-1,1689.0
ArielFundora77,ombajay,1,1737.0
Tinchin,wrathofflame,-1,1608.0
Ildusik12,NubSaibot,1,1071.0
Adityafxd,DraRistic,-1,1255.0
Akudama1,thattGuyyBless,0,668.0
boh_anu,Alik_Klim,1,1201.0
ZurichAsleep,CichyKrzysiek,-1,1567.0
rusbayda,wxw_of,-1,1275.0
dmitrysavin,solomaniac,1,1491.0
Millax,Nikita_1105,-1,1460.0
FerrariF12022,harshbro3690,1,1180.0
m_musatkin,a_musatkin,1,987.0
HusseinJaber2020,tedvalencia,-1,1419.0
tawazdeo,sairaj01,1,1857.0
dok1977,Arkni,-1,2360.0
Scr1m_46,Mart1angg,-1,1435.0
Gmora_09,Sonay_16,1,1058.0
xamgooh,abdulmalikkosteko,-1,1584.0
VBA2024,Erkhembayar0225,-1,2171.0
Mohito69,Mirdaz,-1,2041.0
GoknarIlgazKoc,panteleon,0,1056.0
Barkira,Masha-7_2013,-1,1261.0
ChabanetzRV,Saq_2002,-1,2179.0
Floerkeli,Luvichin,1,1825.0
ChessmasterofD,Gautam_prajapat,-1,1382.0
randew01,EvilRage,-1,2254.0
BrouletteDZ,chacal1982,-1,1239.0
Give_Me_Your_Queen10,Kiridima123,1,2294.0
okultek,abdullz99,1,1599.0
AntonY29,huy-nguyen,1,990.0
nicolas277,gabyhallak,1,1328.0
KillerFishXX,Cat_with_machete,-1,1952.0
NiklasMinhNhat,seabass927,1,2215.0
rjb80,agamsharma,1,2214.0
Wilsonramirex71,lmasso21,1,892.0
ACADEMICHESS3,RonHei,-1,2142.0
MythagoW,barajasFR,1,1153.0
EDDYJAVIERPEREZ,gisu123,-1,1830.0
mallin777,Osiel09,-1,1981.0
Only10plus0,Piyush_Sahoo-1425,1,1154.0
q1_Sergey_1,ensenaringlesencasa,-1,1636.0
voschessclub1,Aba031,1,1702.0
Vincent_Carly,Zappanale,1,1371.0
tahaaljahili,,401,1500.0
n-r03,,401,1500.0
kevo170,boysnake,0,1081.0
kolulu,JohnnyMotionless,1,1552.0
Colorado88,loesantos,-1,1505.0
cactology,Breiss,1,1421.0
Jota_spa,LKsenija,-1,1486.0
redhotblazer2609,rocker82,-1,1328.0
Ntsekana,Rolle57,-1,1776.0
Mollenkijker,DSMartin,-1,1836.0
Pawn_Star_Tal,Nik245,1,928.0
Ti-ki_Q,mrk1slota,1,1882.0
bhola55,PepedeHuelva,-1,880.0
Wangster12,Alexficher,1,1811.0
Cadk-Checkers,hof4711,1,1291.0
shahrams,Gilang-pratama,-1,1880.0
tegarirsyadbanned,O-Faktor,-1,1057.0
sarina0001,B_Kepke,-1,1268.0
renan_nls,jokanboka,1,1586.0
paca83,TheOldZomby,-1,1503.0
H9ntox,Ri_MOMO,1,1167.0
Mango_Cat,DiscipleSimon,-1,1242.0
jacopo1395,dautov_r,-1,1256.0
fullofgreif,Pal59,-1,994.0
BusWater,matus-a,1,1556.0
ABDOFadeel,chessM1983,-1,1014.0
apple96880,Misha1921,-1,1921.0
KillerB12,hxnnxs,1,1272.0
Nba_joshy,arciom,-1,1253.0
kmarkin,schettert,0,1965.0
Michail1967,mirmed,1,1975.0
bx331,Sprsprspr,1,1526.0
ian-turner,CoraMueveLaCola,1,1169.0
mptsts,M1968,-1,
Geoclass96,Karlos6307,-1,1468.0
barbodz,yektam4985,-1,910.0
tzanetaras,jmc56es,-1,1144.0
Vurgez,alirezakavosi,-1,1262.0
OIGROIG89,Fishbone9,-1,880.0
Rory_Todd,Bhoybl,-1,1668.0
varun_rao,blackbird89,1,1395.0
sasi151988,FAIL79,-1,1514.0
szaszina,Baclanik,-1,943.0
Tripp1982,diegobx0,-1,1097.0
ALEKC1976,Es13271349,1,1528.0
Sobhy022,davelim2901,1,1329.0
projooooooooooooo,Utkbtn,1,728.0
jh128,aedik12,0,1135.0
AdIsInGlA,ArSingla,-1,1067.0
olegqusarow,saedede,-1,1757.0
Orxan881,texasdrunkenmonkey,-1,1021.0
d_adam_007,Vicctoor,1,984.0
TigerKE,john_knight,-1,2062.0
Ayan_Utkarsh,SoulCheckmater_24,-1,1684.0
TomasLozano,PantuFace,-1,1764.0
brunzkachln,heg0tgame,-1,1448.0
aryoa,pakiet88,-1,947.0
Boy200605,Mario9218,-1,1792.0
paludacris,Turbo37,1,1680.0
beratbaran,KangZaman,-1,1513.0
thanvivundyala2018,Arjun_kasam28,1,1422.0
PerteaMarian,Klariniaris,-1,1788.0
Glebyx,Nabagni,0,1170.0
primakov,youssefzz11,1,968.0
ramazanilbegi,ttshka92,-1,1151.0
TIMMYLAMNGUYEN,rolltide72,1,1490.0
JD1234567,antoniogora,-1,1769.0
PaulKeresBrillancy,mustapha155,1,1444.0
ycap,otto62,-1,1706.0
koturotifrompuboodu,marinogiudice,1,1087.0
vinod_kumar099,yogimao,1,1350.0
tichodroma_muraria,MaryBUKARI,1,1547.0
kartoffelsalattt,yuren707y,-1,1494.0
Hard1k2002,Ravikiran_Smiley,-1,1507.0
SonidosEnArmonia,adulyashev,-1,1916.0
tushargun,thesniffer,-1,1037.0
NickolasLunaA,D_IO,1,1499.0
AFM_Eliasbelmonte859,Fadey_Cherkas,1,1200.0
Sergey763,faezking,1,1883.0
lwlwl123,NOMS-23,1,1599.0
VeganoSS,Caballoloco7,-1,1436.0
Vottu,Andrey7788,-1,1635.0
zkemo,Jagamaister,-1,1368.0
numbalvin,abhilashdxb,1,1043.0
Murad0202,Temirov_TM,1,954.0
ShefAU-07_02,,401,1500.0
AGrosvenor,,401,1500.0
joterode,BILALCHEK,-1,1307.0
codeDF,king1284,-1,1707.0
Dima24rus,ildar_aminev,0,1155.0
RadMir4ik_16082015,vimaltirupur,1,904.0
PHONE33,oogabooga44,1,1988.0
kbadri,king9035,-1,1967.0
Berserkers_clow,Tanishchess05,-1,1352.0
Tony_2021,shama_avinash30,-1,2190.0
Radvin64,PouetM,1,1090.0
pranavcam,,401,1500.0
kokowawachess,,401,1500.0
FighterFL,vkvkvk0370,0,1440.0
Zwaenny,New_Alekhine,-1,1385.0
FreedyFazbeer,SAHYSangurima,-1,950.0
guilherme_silveira,Sokol1,1,1556.0
Rishaan55,SHAMS_tabriz,-1,1640.0
T_O_L-BI2006,Burricorneo,1,1880.0
Asiongaber,MrChevelev,-1,1898.0
rot0t0,saturnoftl,-1,989.0
Garou18,BrokenArrow827,1,2094.0
saplaaaaa,genesis90,-1,1672.0
JmWamba,Victor-Ortiz,-1,1094.0
R314159265359,Jakub_siska_123,1,956.0
AdelElgazzar0,derevo_druidov,1,1006.0
ReTewere,TheGreatestowl,1,923.0
Metinha,ruhsuzhayalet,-1,1922.0
Isco95,Shivananda1964,-1,2402.0
MamaSafrikaGeya,Buda1967,1,2275.0
HKOBE,qwerty13a,-1,1519.0
nasirking,denc-81,-1,1500.0
JaroslavBiysk,karunchess,1,2352.0
romaromaroma2013,SashaEkb,1,1255.0
CB_Yashwanth,SALOMO2024,-1,1961.0
THORFENIXFORCECHESS,djennick1,-1,2008.0
edchess1996,your0wner,-1,2279.0
stcteam777,Hacker_Terminator,-1,1693.0
edyhoro,PantherEl,-1,1383.0
Deraj123,Os0s98,1,1632.0
Odiseei,stefi2000,-1,1447.0
yaredistcool,golibjon6547,1,1361.0
HaRsH-SoRaThIyA,Vidit-Karia,1,463.0
Aryan2015,mpranavnatarajan,-1,1520.0
athenapotena,,401,1500.0
mike9s1914,,401,1500.0
enunes,Deizou7,-1,2051.0
Chessilog13,Rupesh91,1,1172.0
Kesh1354,TRex_Cupo,-1,1054.0
Jamle,meq17,-1,1621.0
Pituco19,tired12234,-1,1284.0
bacorr1515,kA-adem06,-1,
shivsharma0109,titoamira,-1,
pavlfrag,,401,
Lakshiv_123,,401,
Gatsby29,bty78,1,
Delicroma2015,EgorShumilun,1,
edua28,karasahin070707,-1,
erdbeerchen,grabkoam,1,
geraldfernandez17,HeadMadi,-1,
SinanTosun55,Liaomin_Tianjin,-1,
KNIGHTLOSSEOPHOBIA,syahrul1234,-1,
TJ_Woof,Nitishsi7,1,0.0
ChessCheens,fneu,1,0.0
hug880107,xessmaster2020,1,0.0
Hardwired_1018,,401,0.0
NotoriousChameleon,,401,0.0
IROHphoenix,A_Breen9,1,0.0
Oskr27,erkankir,-1,0.0
gazikli62,Ali00135,-1,0.0
isaac_99,Mustafakabaa,0,0.0
LOTHBROK666,kataty,1,0.0
RehanP5E2,nik196,-1,0.0
VladimirZhuravlev,Abdelrahman979,1,0.0
Taicosta,synthCat,1,0.0
jasaenzl,watfro874,1,0.0
qhDawoud,warash760,-1,0.0
a_chess99,RascarKappa49,-1,0.0
hahuczkij,ApeTss,1,0.0
Franicozzo,Antonio_Policarpo,1,0.0
yayuuuhhhh,,401,0.0
KINGPRIOM,,401,0.0
skatki,Noory87,-1,0.0
Guhas1000,Achuthegreat,-1,0.0
Nachiket_Paturkar,mara_zul,-1,0.0
LeliPol,Sven4657,0,0.0
SampuHyde,Q1000,-1,0.0
MANDOMan13,ahmad1359,-1,0.0
Dannyxr1,skrchessdelhi,1,0.0
eduzor,Pm1909,1,0.0
FGpaxpYxis,BelkaBelai,0,0.0
kob3,jmoo,-1,0.0
leethielemier,baselkhalil,-1,0.0
Bashevkin7,castleking82,1,0.0
pandaha50,,401,0.0
dinocup,,401,0.0
Calipso1962,Capellannn,-1,0.0
kitski69,Casablanca2112,1,0.0
Mark140812,Napugayka,-1,0.0
eLalcaravAn,Erreburundi,-1,0.0
RadojeKrgovic,ton1_mahoni,1,0.0
arifhaiqalazman,thrissurthadiyan,-1,0.0
En_anjala_macha_ave,alinazavr,0,0.0
Zenbty,zefazry,1,0.0
KNelli,Luis-Imperator,0,0.0
PassedPun,jachess01,0,0.0
Moonster,huayra36,0,0.0
abeersharma24,ManthanMistry,1,0.0
Chessmaker_18102009,SemenPuzyrevsky,-1,0.0
tamneck,Limock,-1,0.0
CH-189,sibiryakz,-1,0.0
Machinetr,chess_e_pinkman,1,0.0
younessolgi,Rohannijhawan,1,0.0
NamanChesslover,knpchess,-1,0.0
combobreaker69,Selantey,-1,0.0
phucnguyen3009,XuanDucpro,-1,0.0
roma1375,desertmoon,-1,0.0
adoneria,BENTLARSENG3,1,0.0
mkultyshev,WalidGebril2020,1,0.0
jpjoseph,Jats,-1,0.0
Vithuna2,SantiRamiQ,-1,0.0
vihaanvignesh,Suvarnatechnosoft,1,0.0
langtuhungyen,max737021,-1,0.0
Teo-fish,Jrawww,-1,0.0
sharifzadeh66,janseb29,-1,0.0
Santy_GomeZz,Mathius033,-1,0.0
RitvikSegan,nazar-arkhypovych,-1,0.0
sorkinskiy,jager-meister,-1,0.0
E1nherjar,gem1212,1,0.0
yusif_2024,SpheSbiya25,-1,0.0
bmbng_a,OTBVisualization,-1,0.0
Z5_Z5_Z5,affist,-1,0.0
Sebenzaprince,kaimba11,-1,0.0
a1ashu_30,mehran75723,1,0.0
e4e5e4c5,,401,0.0
RKNAYAK,,401,0.0
Sonapoghosyan,lupshaw,-1,0.0
nart22,harrytardas,1,0.0
YamanEmirYilmaz,ymrclk04,1,0.0
ibadatchesss,maxicampero,-1,0.0
alwaysdreamer,,401,0.0
ViggoW,,401,0.0
AGmedina,ArsMachine14,1,0.0
heivapoiry,TwoDollar,1,0.0
Disturbed_imba_24,M_hosein,-1,0.0
tyum6673,Paran2htus,-1,0.0
hoangminhhieu43,sensible_9,-1,0.0
Pickle101,Albitrus,-1,0.0
sledak2021,theheartsofdarkness,1,0.0
curler,sinodAzA,-1,0.0
CaramelTastesGood,towago,-1,0.0
TameemH,WorldChessChampion_1,1,0.0
lakf,ChessStirTime,1,0.0
Illuwu,Gandadikusumah,-1,0.0
youlostgg,,401,0.0
MaratShashkiRus,,401,0.0
Anonymous2010_11010,ventvogel,1,0.0
FernanfloorealNofake,Schachgame1,-1,0.0
vyychy,abdenour1964,1,0.0
leflc,HelloKitty898989,-1,0.0
SanyaAD,mark_carlsen,-1,0.0
Frankokiko11,Chess_King_Artur,1,0.0
Myuna,Lorisse53,1,0.0
catarata94,backt2play,-1,0.0
Balvin69,JORGE_NobleR-84,-1,0.0
lsms91,ben-e-whitney,-1,0.0
Ildarildarov,Kostya1964,1,0.0
llopsa,PKT18,-1,0.0
HR1729,nilla_fillet,1,0.0
GastonBahamonde,Zolpy,-1,0.0
Ffigga,rezakh95,-1,0.0
jojojossy,amirh12,1,0.0
kabachok7,Abid_123,-1,0.0
daeton,sneakpeakii,-1,0.0
InverseZottman,Mr_Pini,-1,0.0
rospa92,Captainmorgan488,1,0.0
Dilmurod05,abumiteb,1,0.0
Jemshadow,Dipaolad,1,0.0
Ths_7,isco084,1,0.0
Ashby646476476,Ameisenforscher,1,0.0
LUFFY_UZUMAKI,fighterdevesh,-1,0.0
prepare-well,motaz4,-1,0.0
volodika83,APA_85,1,0.0
loveforwhisky,UberFico,-1,0.0
Babbione,Hackintosh98,1,0.0
ChrisYoung,Vicrors5,-1,0.0
vityaii,,401,0.0
rjruiz1416,,401,0.0
highlaspd,sandraekaputra,1,0.0
TheGreatestowl,ReTewere,-1,0.0
Vladimir-ast,PeritusNauta,-1,0.0
Cavalier-c7,vlhullier,-1,0.0
triplXL,tugaps,0,0.0
diabeticdummy,nzn79,-1,0.0
AlbinBolle,Mazi_it,1,0.0
jasnob,draiochtvisigoth,1,0.0
cv_efc,WinWinLoseWin,1,0.0
gugamidi,lilian542,-1,0.0
Lord_Commander1,Y-18-Y,-1,0.0
Cryptoxenory,d45wad2,1,0.0
Andrei_2022,Paneyvr,-1,0.0
Bauernschreck,AntonioPalomares,1,0.0
vlan4ik,Sonbg,1,0.0
shen6001,ManoelFrazaoNego,-1,0.0
Akoibonn,gaaravhinz,-1,0.0
Azmain210,,401,0.0
Twixy254,,401,0.0
Mayonezek,UDS89,-1,0.0
rcetger,Manuelsandino,1,0.0
flocyapa,Roma_ch,-1,0.0
shiny01,anthonyelbarrio,-1,0.0
JTEZ10,Alerson2373,-1,0.0
Ramazann4,adam_1986A,-1,0.0
Shahriyor_123456,benokareem34,-1,0.0
Bercisius,Angottt38,-1,0.0
wauchina10,marjijek,-1,0.0
julialoscar,SANROCCO,-1,0.0
Jorques55,Voyo21,-1,0.0
mr_asadnia,Gizmo116,-1,0.0
xjesko,maymay777,-1,0.0
cossyphus,Lecafe,-1,0.0
kaycak1998,Bardyk02,1,0.0
Chidambaram,Dharun11042015,-1,0.0
Acrobacia,andrespic6,1,0.0
Gio_vany,Tima212,1,0.0
AmericanRiver,ValyT,1,0.0
Srgatoute,helmi-pkt5,-1,0.0
Yakupss6534,sixtyfourandme,-1,0.0
l_C_E,mariano-777,-1,0.0
DylanUrielGB,JoseLuisEspinoza,-1,0.0
Ninck7,Hellrider_2018,1,0.0
shivangjoshi,yannick_noah,1,0.0
AR760,sacrifice-the-kiiing,-1,0.0
caglayannnmurat,burakkk7,1,0.0
Lovya12345,Madhurpreet16728,1,0.0
Ebdul89,Ardaxan,-1,0.0
TheOneAndOnl1,Lole-Veli,1,0.0
mobina_77,SaveYrtears,-1,0.0
Germortal,bertzui49,-1,0.0
CrazyRebecca97,alexander56081,-1,0.0
Zalyubovskiy,ChesChamp,1,0.0
keremtkycl,Hyzzz,1,0.0
Polarblick,Nightfuchs,-1,0.0
Finley222,LYX1016,1,0.0
mcphisto7,kkkaixo,-1,0.0
a_NameLess,cavaloparaguaio,-1,0.0
michel4547,EACano,-1,0.0
Gorn68,GAMBEU,1,0.0
avishkarKarande,ihabaliaa,-1,0.0
kwixote,,401,0.0
akourastos36,,401,0.0
Saveliy_Solovjov,krasavchikDanila186,-1,0.0
sbabitsky169,skorpion123,1,0.0
Shams777,Gorlikov,1,0.0
alexthegreatbraz,Julkchess,1,0.0
jayah73,Evgeny_Sitdikov,-1,0.0
ogbmt,joresem,-1,0.0
Karoo61,Sa-1353,1,0.0
Atomaniac,JumpingPawnstorm,-1,0.0
meowa92,Mohsenkamalinasab134,1,0.0
Nighthawking,Novato367,1,0.0
shacharsidi,Chessmaster832,-1,0.0
Noir619,flandeluxe,-1,0.0
Heesung937,chils,-1,0.0
malekaahmedd,labalsa-Chess,1,0.0
Deepbanik101,sandaljapit,1,0.0
Rejecs,MarcusLiciniusCrass,1,0.0
Aalifa17,danteek45,1,0.0
Sluchev,Josean8277,0,0.0
Diyashastry,Xecutioner09,-1,0.0
Trauma915,Timka666,1,0.0
m_t-N,Babahan1964,1,0.0
Carlosydiaz,Qf21_Glas,-1,0.0
dim_login,ochicha,1,0.0
thistlepruner,javy_alvarez,1,0.0
muhtar689,joachimgr,1,0.0
elpapacho123,Bow55,1,0.0
PaulSAV,SuboczEmma,-1,0.0
H434243,Tumokathok,1,0.0
ishaky,UpToy,1,0.0
JOHNNYCATSWILL,SuperSayian2,-1,0.0
PedroDz,Cheeku_Chills,-1,0.0
AxelRose,LolOlololololololooo,-1,0.0
HossamAdel2020,wheresfischer,-1,0.0
animuponi,panpan87,-1,0.0
JEOB71,moroz_original,1,0.0
ArteMironov23,Juelly,-1,0.0
Romario_1976,stepanshina,1,0.0
Totla,oday99adi,-1,0.0
Crazy4you,BOXPA,1,0.0
TomasSosa,kasparik_garik,1,0.0
KonnahBernard,owen77,0,0.0
princebenzema,juon10ene,1,0.0
mayeight,AydarShah,1,0.0
MaM232,mxg85,-1,0.0
OshodiOstrich,YassaveevMansour,0,0.0
flo-mate,Rameshwar22,1,0.0
Lala_a,omsol,-1,0.0
TotemJulien,Zhantore_KZ,-1,0.0
hhhhjjjjdkkk,Jigjee,1,0.0
DavisA24,emrah-ylz,1,0.0
DuraiNainar,AlasKaPedh,1,0.0
avyaanmodi25,Ayansh_2016,-1,0.0
bluedcheese,,401,0.0
Bliendcheckmate,,401,0.0
mixan_yy,naarrr,-1,0.0
MosDmitry,dieterbrain,1,0.0
thomet,DanGlz,-1,0.0
Ngotranbachthang,Trash_at_Chess_123,1,0.0
gmshantanutambe,tuhindeshmukh,-1,0.0
Renat116,hewei_champ,1,0.0
Derdiyok,jhooth,-1,0.0
randomshawn,ilfustigatore,-1,0.0
dcons28,phoenix_chess_2024,-1,0.0
BatuBaygin,dinoarmas,1,0.0
Paulz2110,J2001622642,-1,0.0
Lighting10,iz_yakutska,-1,0.0
AlanaSue0705,Herwig1,-1,0.0
jatop,Ale965XD,-1,0.0
kouroshkhan1,ZAza188,-1,0.0
eumensalamanca,CitizenC,-1,0.0
km_H_lthung_2017,AtharvaGangil1904,-1,0.0
AlexandrErdakov,LearningchessIguess,1,0.0
Sem_2012,Okba7777,0,0.0
koyika74,capybaric,-1,0.0
zverek,Mervado,-1,0.0
Brunaldo7,ismailkayir,1,0.0
Alexey1683,Maheswarareddy4321,-1,0.0
F94NKL1N,FSan217,1,0.0
Marat37,Milana-Yasn,1,0.0
the_prime_mover,,401,0.0
Aidyn9696,,401,0.0
krzysiekstasilas,makavachat,-1,0.0
ouietnon,pooria_h,1,0.0
Lara2602,tomssah11,1,0.0
Daniilb04,Queops,-1,0.0
rohit5087,Blackfish33,1,0.0
EgoRka_FlagOruB,GERAmini,-1,0.0
MicksonXelix,ssubram,-1,0.0
Niklaskowski,koko12062023,-1,0.0
daremo17,SUNS5,1,0.0
trustworthykebab,VERITASICH,-1,0.0
Macpillo,lalbihari,1,0.0
DobriDiv,eibfr,-1,0.0
shivamjnv4,NskRonin,1,0.0
vikalpshakya,wonkaa_a,-1,0.0
eugenevc,horni700,-1,0.0
Mateusz43,kumudkothari123,1,0.0
fedesbikes,SergeyKG,-1,0.0
MarkFedotov13,AlexandrGuriev,1,0.0
Erik-Ten-Hag,Schwachschacher,1,0.0
Spider-man-Miles,JaviFu57,0,0.0
EnemyEvil,bosstrey,1,0.0
danielandres0812701,Galvan_001,1,0.0
pouyaaa,wigand,-1,0.0
martino_tr,pierrot13,-1,0.0
KGjaba,khalioof,-1,0.0
soliyev_jahon_150120,ZhenyaSkirda,-1,0.0
mahdiar9264,,401,0.0
Dahttas,,401,0.0
Danya_Black777,bubba210,-1,0.0
seamate,,401,0.0
RavshanJoniboyev,,401,0.0
Excellent_Oatmeal,matd979,-1,0.0
Jonny2734,JEAN-CHRISOPHE,1,0.0
Anne_Isabella_Raj,joeri3,-1,0.0
Anonymous_hacker1,evgenalexmihail,-1,0.0
Unicornhanhan,JandeTimmerman,0,0.0
kanayua,Hugo_Zane,-1,0.0
YoungerTal,Wiktorinator,1,0.0
manas_chess_speaks,LeonardoAdrianXD,-1,0.0
XadrezMais,Victor524,0,0.0
sulamusic,Kirsan1980,-1,0.0
omarwael10,gunchess52,1,0.0
Fred_M3110,RYRD,-1,0.0
deepblue2xy,seger777,1,0.0
ahnfoxgm,alecs6596,1,0.0
klrmdsn,stbcc28,-1,0.0
markizio88,sale94,1,0.0
Trayko,jdumagay,1,0.0
atharvabliss,JOHANNPROELS,-1,0.0
Torfnase,Mondflug,1,0.0
adem67,RH1893,-1,0.0
Tnjztmhcs,Russell2203,1,0.0
CorleoneCorleone10,angryMax,-1,0.0
MARCELINGUI,xRupster,1,0.0
egeuzunn,E_Andrey71,1,0.0
PAXA9,Ninjamario07,1,0.0
R0TTEN_LUCK,Haggard,-1,0.0
ramsanthosh,Rewees3wni,-1,0.0
niketh1990,Chessmasterblr,0,0.0
Rodri1234567,DanniMayte,1,0.0
SABHmason,andriajinjolia,-1,0.0
Nanduhere,iv1980,-1,0.0
Paris070502,Behemoth21,1,0.0
asyuta-kam2318,rozis,1,0.0
mz0,Tahaned2015,-1,0.0
Mannsi13,yummyhat,0,0.0
DEFENDER500,KingChrisVII,1,0.0
radvinroshan96,G0dly-AurX,1,0.0
EmiA01,dannuta83,0,0.0
okashnik,klknv,-1,0.0
XMedAmine,noelebuk,-1,0.0
TrCagdas,AdArdyanAd,0,0.0
at-fil-gorilcik,jobuuu,-1,0.0
negan111,surfando,1,0.0
erendeniizer,jst-ply,-1,0.0
dreamz01,hiba000,-1,0.0
Prince742,,401,0.0
Mohtadi-zenaidi_2005,,401,0.0
bhadaderakesh,harlo,-1,0.0
Flaviojazz,CRBrahim,-1,0.0
ILMALONE,cs43,-1,0.0
RussianMaverik,kaye86,-1,0.0
katip7,KnightsRebellion,-1,0.0
Hidra777,Tasoul,-1,0.0
Stas_1991,mat1174,-1,0.0
JoseLuisponce,ORJB59,-1,0.0
Xuesha_Nighdelk,the_gingerbeard_man,-1,0.0
jdbusta94,Naser-7777,1,0.0
AlexeyLeo,VitNik8,-1,0.0
nisslium,Macarraconestilo,1,0.0
SamTaxir_59,edosmera58,-1,0.0
Bella125,FORTUNETLT,1,0.0
SicilianQueen1,Anur_Kayupov-558,-1,0.0
abul_Khaer234,OrlandoH1601,1,0.0
fiftyshadesofshivang,A_Breen9,1,0.0
SST_1978,heavyhansen,1,0.0
CapaMent,Kirsan1980,-1,0.0
DemoTeam_2022,RodrigoMPereira,1,0.0
up1rly,shiko2211,-1,0.0
ANATOL-56,mo_ghaly12,1,0.0
Pankajcss23,Sakinoza,1,0.0
Gargyl,LOUISSBRINI,-1,0.0
NAVEEN_NAAZ,Kandan11,-1,0.0
Borja10,maroblesi,-1,0.0
nooch0198,Quegon104,-1,0.0
Ivan_IKS,jmanette411,1,0.0
staryyknight,balutkardhruv,1,0.0
champion1972010,lasker4548,1,0.0
braxton,Andre_region27,-1,0.0
Tamim_Ayon,dajohnny007,-1,0.0
BananaSonic,Ufeuff,-1,0.0
Rahul1620,Daviborges8,-1,0.0
BLACK_PANTER21,Mikkel789,1,0.0
AliiAyman,Hansl123,1,0.0
ABN1362,jorgerfernandez28,1,0.0
Pur4b,fight_club80,-1,0.0
ArdaChess123,IvanPavlovichYu,-1,0.0
kinghulio,zrfrance,-1,0.0
Nyx_fr,ARK1984,-1,0.0
Schachtiger_OH,Sureshwaran,1,0.0
schachperu,Atacante83,1,0.0
TS2013,avijitmidhya,1,0.0
bouddha2018,fischerxD,1,0.0
Rei_junior,gyodakyan,1,0.0
Kartikay0806,Haremhab,1,0.0
Alepuller,bepm,0,0.0
ahmexx,i_am_nooby,-1,0.0
xJxSTORM,rezasalehisalmi,-1,0.0
DrProktor,ficherf,1,0.0
Dtfu,Alex_ccjc,-1,0.0
Draddla,conflagrant,0,0.0
Bjorn2468,EkaterinaShc,1,0.0
afafrg,limcesar,0,0.0
oraimo47,thaomerr,1,0.0
lemichessxd,sizzlie,-1,0.0
Chess5DPro,,401,0.0
Mohamad7a,,401,0.0
shiveand123a,SheershRawat,0,0.0
LevRiv,MaestroPifador,-1,0.0
CB_ReyanshK,CHS-PRIYAN,-1,0.0
FabioMande,Skavy,-1,0.0
arsam110,saa_dd,1,0.0
Kirjusha2016,Late-Night,1,0.0
ptouch,lord_of_horses,-1,0.0
Sergeydolgov035,Mitch2016,-1,0.0
Dennis1982,CRenatoJLS,-1,0.0
andre_fischi0n,Lubitel05,-1,0.0
Nillet,Peratia,1,0.0
hberk03,Andrealotti,-1,0.0
Flowx2990,KnighteeKnight,-1,0.0
Dimasindo,Grigory14,-1,0.0
Attack_Pawn,Thrythe,1,0.0
kaaneks,GabanX,-1,0.0
Ajhad,Natali_kri,1,0.0
IoleM,polhpool,-1,0.0
Kasparov-Maroc,Advclf,-1,0.0
BALAJIK,kapi1367,1,0.0
muzovicky,Nallajtedef,-1,0.0
LillianaAlvarezme,,401,0.0
BelyakovBogdan,,401,0.0
Arseniy_Antipov,Nikita_1207-14,-1,0.0
kenaneyvazli,Msona2013,1,0.0
Joaslovesallah,Canadian00,1,0.0
tryharder17,BerdugoAk7,1,0.0
AlfredCharlesjunior,RuisKPG,-1,0.0
ILAVARASAN_OFFI,zurdogalvez,-1,0.0
therookienumbers,Aavelez20,1,0.0
halwapuri00,ndamutm,1,0.0
SpeedyGonzales7,StrategicMindMaster,1,0.0
munif_taz,proffesor26,0,0.0
vvoix,VexdehodGAZ,-1,0.0
JermaineEzra,caballosdefuerza,-1,0.0
Diyapatil1234,R3w1nd_AUT,-1,0.0
jorge001,,401,0.0
vinitapatel,,401,0.0
Abdullah90909090,bury-21,-1,0.0
iknowchess_2010,yellow3to3,1,0.0
Chess19348,papo1984,1,0.0
EasyListener,crozenblat,1,0.0
hinds97,Siddhesh9,1,0.0
Anton555555,LeRatduNetwork,1,0.0
elord41,Ray33,1,0.0
ABYHA,Abede7,-1,0.0
Emieligeter,sadimat,-1,0.0
Ji_rafik,charguerman,-1,0.0
Ostrazzo_78,waheedemam,-1,0.0
gyoergy,kozorez65,-1,0.0
birch_please,satanichousemaster,-1,0.0
hosseinganji,saidov67,1,0.0
lucky88888888,meninoazul,0,0.0
Aryanya_dav753,aks_mall08,-1,0.0
pesetasstrokes,Mzuzu1,1,0.0
putukayana,adrian_s123,-1,0.0
kamron_12345,megamind_28,-1,0.0
AlbertUd,KingGarage,-1,0.0
big13,moundg,-1,0.0
jocar06,niklauskus1,1,0.0
juanmanue13,angmar01,1,0.0
vikrant17,Bi-dysar,1,0.0
usmanovmadi,jangir52,-1,0.0
Vinayak_kedia,thegoldennugget,1,0.0
magamba,Nasser1975,-1,0.0
martinhrvn,MohamedSobeihy,-1,0.0
matus_carlsen,salahshikho,1,0.0
Malek_Mourad,billyz,-1,0.0
BruceMathers,Ser_Mik,1,0.0
AverageTexan,DesertStormCarl,1,0.0
LuizSergio,nico3749,-1,0.0
sohitsarvan,sirac1479,-1,0.0
why_am_I_so_good,Tigor81,-1,0.0
Flavius007,Lion_beluy,1,0.0
panbingkun,khued200,-1,0.0
Kenncelot,Terry_Reaves,1,0.0
Benjamintheking,QMaster_BobQ,1,0.0
Ujjwalmarwaha1,Ashkay60,1,0.0
chahinskandar,hapouu,-1,0.0
perry_d_best,Raboudi-Yassine,1,0.0
Scared-wertyhg,Barbaz,-1,0.0
Lan_Noobie,Verzakova_tatianna,-1,0.0
Magnus_Karlsem,Dragonsord,-1,0.0
mrshahbaz,Supersaiyan417,-1,0.0
jorikoen,Tatjanka_chess,-1,0.0
bodrezkome,presidiaro1728,-1,0.0
suleymantmdz,Jay_MJ_529,-1,0.0
si08,somnuslevis,-1,0.0
SalahBdr,r1venmonsta,1,0.0
gergo89,MoreBuddha2ya,1,0.0
Garrett0,ColeS5,0,0.0
Tf1Ajedrez,drcbturtle,0,0.0
Vihajaisestatulesta,Evgeny_Pristalov,1,0.0
Zacharij,Jonnywolf,-1,0.0
shivanshbaranwalbth,vthakrar,1,0.0
paiall,alisssss,1,0.0
RNithish,santiagoedlp,-1,0.0
regmisha,ferch8,0,0.0
Happyguy412,loungeur,-1,0.0
Morijiro,I_Javert,-1,0.0
YouLoseGoodDaySir,erdiegales,-1,0.0
Exstermin,mhd611116,-1,0.0
coffebeancat,M_D_C,1,0.0
Pup_Aliaksandr,andres_cubides4,-1,0.0
vertex4,dafer123,1,0.0
supercoolbro,Platiny,-1,0.0
NicoCharp,Kozmosz,0,0.0
kikoraho,zelenizub1,1,0.0
oluwatemitope,Winnie54321,-1,0.0
KAMC10,Wetparty,-1,0.0
Dushyant_2015,DpaKoH_Russia,0,0.0
didaydidayday,nabelkamel2020,1,0.0
ildolphino,mhherranen,1,0.0
Charlie_03,Pakrovejas69,-1,0.0
MoughithKh,guerrerodelajedrez,1,0.0
Luleka0804,verixa,1,0.0
Eugene_Xo,SlackBtallion,-1,0.0
Reddragons-118,Rudra_Patel_Champ,-1,0.0
chessgirl2323,boets_4,-1,0.0
Matatello,olgerlopez,1,0.0
brcnalbk,magisterjk,-1,0.0
chesshooter,MrSolo,1,0.0
Viola24,Justin_jk,-1,0.0
Chessmath1923,xgirit,0,0.0
Kinocart,maythe4orkbewithyou,1,0.0
vibhus123,Reflex_24,-1,0.0
Winman3,hocammat,1,0.0
Knyghtryder,pan_jawel_02,-1,0.0
Vladimir675,Chisomomwale,-1,0.0
Salimm,Nkrotzer,1,0.0
Simonishvili_David,EgorMinzh,1,0.0
Rarewon,mila67,-1,0.0
kostyayatsok,M_Rahmat,-1,0.0
nkivin,timc95,1,0.0
jeanlk,Gagic,-1,0.0
Atherlos,Ecochess1982,-1,0.0
cross_online,xbinamschwitzenx,-1,0.0
Golchehre,eix10,1,0.0
Lelouch12325,Sergey8516,-1,0.0
choboss,Keolot,1,0.0
KOTEHOK_Artem,Danik201115,1,0.0
Trinidadajedrez,raimundochess2014,-1,0.0
Wojewoda,Dens1977,1,0.0
ilovebbc02,joepske073,-1,0.0
Excaliburnixon,BigD2k,1,0.0
MrNeutron,Palines,-1,0.0
arinaboaug,Vyaceslav,-1,0.0
Delicates,Ashraf1992,-1,0.0
PorelsuELO2200,brayan-paco,1,0.0
rafaildk93,veselukha31,1,0.0
mtk1905,LYD0MAN,1,0.0
somyeong,TheNed23,1,0.0
JohnnyNewyork7,RobertSMK,-1,0.0
Wido_die_Eichen,Tobyy86,1,0.0
Atahannder,ibrahimbs12,1,0.0
dangkhoa159357,walewenjean,-1,0.0
FatherarsD,Saslan7,-1,0.0
jeninsonmar,zebrafisher,1,0.0
Krespov03,alkoni_arfa,-1,0.0
UDFA_FTSH,Plomonadador,-1,0.0
Wilfredo_parraga,makibao,1,0.0
AliLah,kholio7,1,0.0
JeffveGoneWild,Insert-A-Nickname,-1,0.0
LeSindi,Dutrombone,1,0.0
Bobby_Knuckles,back_2023,1,0.0
Agrli,EQC,1,0.0
iceRNGR,DorianR,-1,0.0
dr_attack_6385,luffi_king,-1,0.0
MathiasMaurer,Thew0312,-1,0.0
igoruiterwijk,Stan43,-1,0.0
Alpha_Stefy7,Christeckh,-1,0.0
arihantsingh17,ManalAlashwal,1,0.0
Romanmuhtedinov1105,ivmaly,1,0.0
DrhussamNoob990,maxinista,-1,0.0
zecriquet,philippe1971,-1,0.0
Shaurya_17march,Sharad2013,1,0.0
Reda444,LightForest,-1,0.0
fahr_i,SantoBlue1,-1,0.0
Chesswormi,T-bo,-1,0.0
mahdiyarkhorami89,GeorgiyGaga,1,0.0
PazDima,HHF64,-1,0.0
Nerevar4ik,samuel877,-1,0.0
pavelT777,jinkyjim,-1,0.0
SUJITcham,Gremium,1,0.0
DeanCervantes_4PRO,Indro88,-1,0.0
Sosimiloo,gabriel_benicio,-1,0.0
MelexinaValeria2014,Neira1983,-1,0.0
eren3543,daclause,-1,0.0
rainyday2023,ossymatex,-1,0.0
nlavrukhin,eggmaster123,1,0.0
gimiha,charliehorse55,1,0.0
fodklaus,iomlv4,1,0.0
vkp88,moreu,-1,0.0
Zainmohamedfarouck,plamkata2506,-1,0.0
mzm21,seppohovi420,1,0.0
one22,schmittla94,1,0.0
Grinch123-94,driver62,-1,0.0
li_6733,jzaib720,-1,0.0
NURSTAR2007,orndanil,-1,0.0
jiantnoob,billodi,-1,0.0
Fredgustis,Walid_SANAA,1,0.0
Robot_CHF,Boetik_mc,-1,0.0
wrc,Magico_romantico,-1,0.0
KE0742098410,D4chess2022,-1,0.0
he_who_conquers,Jlaratorralbo,-1,0.0
Ethelzino,,401,0.0
aris77,,401,0.0
Thejeshwar24,,401,0.0
Xilften1,,401,0.0
anthony76504921,dfdfdfd888,-1,0.0
viethammbariyer,malek836,-1,0.0
hamza190578,gamyon,1,0.0
ridvan91,aleksig,-1,0.0
roryoc10,ehrenberger,-1,0.0
GeraldusCumbrencis,knighty_mighty,-1,0.0
Samuel_2014,ayc45,0,0.0
SmiteSnipez,,401,0.0
davidderifield,,401,0.0
ajinderpalsingh,Krissense,-1,0.0
Amazing1017,Stvit_Set,1,0.0
Derek_Evans27,tuviagrin,1,0.0
OOKOWUOR,farraso2019,-1,0.0
therizzlerrr,NickySticky,-1,0.0
StpCable,kapp4,1,0.0
Andrii_Paluiha,sackjeseech,1,0.0
Andrey55555,MasVegas,-1,0.0
Zxcgab17,Otto_Hall,1,0.0
golubev-mk,Murad_J_H,1,0.0
vegardhaneberg,HHOOOO,-1,0.0
DrEagleeye,vaderkvarn,-1,0.0
SimonBucci,Samuelufstrike,-1,0.0
dani_sangab,fredomixer,-1,0.0
Qumara,rdsbrz,1,0.0
eRaPazh,AlexeyPanichev,1,0.0
IBM_RamyKamar,Heshammohmmed153,1,0.0
Sharvesh_Vijay,supershark76,-1,0.0
vikundel,Schelkx,-1,0.0
eldesvendadordeGMS,capperuccio,-1,0.0
Happychessbloom,jobil6ust,-1,0.0
RjforeverChessgoat,Alex_Muss,-1,0.0
Mr_RUINA,Bougo,-1,0.0
Asimoa,Finoprem,-1,0.0
rhizomefriend,AlfieH,-1,0.0
ianroypinlac2,KunDenSangma,-1,0.0
prathameshnale007,Hex1000,-1,0.0
hari3073,patrix-reloaded,1,0.0
daniyandy,MomenM,-1,0.0
Depressed01,morteza0521,1,0.0
mhvh9vds89y,rishabh-yadav,-1,0.0
baqar_17,mehmetbozkurt8,1,0.0
just-chess21,Youleloveit2,-1,0.0
Vand1esel,carelesspawn,-1,0.0
tatomunoz,HECTORAQUINO,1,0.0
Dany_Kots,vaazik,-1,0.0
Semyon538,,401,0.0
mariosanchezzz,,401,0.0
vinvin69,daneliaxvicha,-1,0.0
sonymanif22,dedbaba13,-1,0.0
piraha,Abylkasymov,1,0.0
ssssss1233345,Danielfperezp,-1,0.0
sargamo,fredofredo,-1,0.0
Coneill1774,uca1959,-1,0.0
khatwa1,Semujju,-1,0.0
Efsunkar00,chess-master08,-1,0.0
nemphan,yellowhan,1,0.0
lamppu5,wangyichen9339,1,0.0
Ziya-TR,DabDabych,1,0.0
FniktorSchach,SPUTNIK02,-1,0.0
JimPap602,Sergeev_vitaliy23,1,0.0
walidox_1,evosud,1,0.0
champion3331,roberto1george,1,0.0
Viditgujrathis1,nick102422,-1,0.0
moukkamainen,TipoKonditer,-1,0.0
vladimir13031956,Leopard99,-1,0.0
alexey064,jt3010jt,-1,0.0
Ilnar-2013,Landyshka,-1,0.0
Isaac375,MalcPawnpusher,-1,0.0
tankthinks,Friedrichzwa,1,0.0
A-Glorious-Purpose77,RoNaLd0001,0,0.0
webcache,Chizzy2019,1,0.0
Ssarwar,samuelnk,1,0.0
rldls25,sergior2021yn,-1,0.0
Aravshiv,bossCatur,1,0.0
oscaray,Pavlogradez96,-1,0.0
jasonhokuo,ilko54,0,0.0
batoolnajjar,YG66,-1,0.0
Nackenpeitsche,Gaber_Gad,1,0.0
gacman,Saroyan_Vardan,1,0.0
alizare12888,shtz45,1,0.0
l3atu,IY-1106,0,0.0
mbcenp,Yagermeyster,-1,0.0
CharlesCoquilla,Mango510,-1,0.0
Lino52,Perrytaylor,-1,0.0
DDiamond1,anonymous64,1,0.0
Temo_Kurze,vvv67,-1,0.0
kartrait,MAKE67,0,0.0
armanserrii,LorenzoD24,-1,0.0
Xcalibor1370,Yeti810,-1,0.0
ABHIJITHPRABHAKAR,Ahoon1,1,0.0
PavelSH08,sean_ch,1,0.0
JordanCarlzen,barca2021,-1,0.0
munirh,FNORD69,-1,0.0
Uni4,juanzs25,1,0.0
chubizard14,racielmi83,1,0.0
vengeancewarrior_01,waterphone,1,0.0
mehrdadsofi,ABHISHEKDESHMUKH74,1,0.0
retrojet,sbudiono10new,1,0.0
MrQuax,Shahnaza,-1,0.0
HW85296,Aurelien0025,-1,0.0
Antichesskiller,Emir4234,0,0.0
herr_furb,IgorZub65,-1,0.0
drhuda,Kirill_Don_on_Rostov,1,0.0
IzyaKatsman,PeterMG,-1,0.0
ej_1000,PegasusWing117,-1,0.0
AlbTaMar,cavansit,1,0.0
Bigbur,andr92,-1,0.0
Pak_Dirman_Ondonk,TataOgryzka,-1,0.0
Satyajit99,NourMD,1,0.0
TheRookMaster7,noelpunn,-1,0.0
JuppJuppGo,girlsmodelschool,1,0.0
omid34100,mohamad3410,1,0.0
Kuba1Zubko,dennysaquino,-1,0.0
davidJPK,Achan_Smora,-1,0.0
LouisScordia,sansrini18,-1,0.0
WaitzJack,Phomopsis,-1,0.0
Amirhan-1985,Mamadmetal36,-1,0.0
mete64,Keyvanfeyzi,1,0.0
LargeChessBig1,Baralex2021,1,0.0
NikolaDubovik,Sasa120130,-1,0.0
TuanBach2k2,apsampaio,1,0.0
Seth_Harmon,royalmed,1,0.0
literaturafantasma,nowait,1,0.0
kertoskopos2,Sl1mp01,-1,0.0
Harshal4511,mxsmile2,-1,0.0
Hearth3,matan1111,1,0.0
mishanya0211,BulatMusin,-1,0.0
DDrogba9,Arash_kingg,1,0.0
majidZzz,janesk,1,0.0
mateineagu,Deei,0,0.0
Sunatullo,aymenhamdaoui,-1,0.0
molodoykaluga,riellea,1,0.0
Ani12,UncleClode,-1,0.0
NSoumia,KtownBeats,1,0.0
saifal,whomst_gambit,0,0.0
VenyaP,,401,0.0
niharika_kulshrestha,,401,0.0
Jesuswithsunglasses,puhkin,-1,0.0
yted,stifler23,0,0.0
AZE_MaFo,zahran_tall,1,0.0
ShanthamGrarks,Childish-Eme,-1,0.0
jajahbtr,DarthRevanFromCorusc,-1,0.0
MakhmudovRuslan,karde60,-1,0.0
meru9em,Yogesh600,-1,0.0
delicex81,mixail31975,1,0.0
Atom1324,Hustleer,-1,0.0
Artemka19,VladislavArtemiev1,-1,0.0
eru728,Kry789,-1,0.0
Abs53,VA1975,-1,0.0
abhiruch,JeromyV,-1,0.0
A1bus_P0tter,Evichitho,1,0.0
Artemo4ka2014,SidewaysKnight,-1,0.0
lexxandro,zefazry,-1,0.0
Piotr46,Lapindiz,1,0.0
Mikesssss,samarthsomani,-1,0.0
gersht,JunkieXXL,-1,0.0
fifsandnics,dalboris,1,0.0
purvaj310512,chesssrkn,-1,0.0
ezrasia,Hit_143,1,0.0
hobetto22,Grisu1971,1,0.0
Juancarlosp64,oz-chess,-1,0.0
galacticomalacio7596,Mix56_38,1,0.0
MNadzimZ,,401,0.0
barhos,,401,0.0
east_w1nd,ruis123,0,0.0
fingoldo,chrss216,-1,0.0
dx_l,khaliditsky,1,0.0
Trillaco,leonhard1301,-1,0.0
jlcanale,Mischuk_D,-1,0.0
Borhu0309,centdsutsou42,-1,0.0
pradyumna123,RM1540,1,0.0
madbot22,kaspwner,1,0.0
DaweedHo,Anatoli_Gallov,-1,0.0
Zedatiana,Mirco1958,1,0.0
AHGEL,GabrielGoto,-1,0.0
jmgm,hromserg,-1,0.0
himmet20,AliSimsek,1,0.0
Leond27,cristophera21,0,0.0
arne_eta,thewatariii,1,0.0
ARMAGEDDONISHE,nasticus,-1,0.0
MehrshadZIP,peterboy,1,0.0
vihaanbagga,WWIIISoldier,-1,0.0
liebeimspektrum,wrookster,-1,0.0
stutitiwari,PrashantPandey1234,-1,0.0
Hackschack,Mustafa-Gokpinar,1,0.0
nibbix,Aragorn1001,1,0.0
achezz,Jettybitty,1,0.0
arican_cinar,mm335,-1,0.0
WillisTheWarrior,nonongrael,1,0.0
flowerofheavenmct,divachess,-1,0.0
coumbole,Supermatechessjc,1,0.0
Karpuhin-Nikita,Gena2010,-1,0.0
al_fawaris,edmondaj,-1,0.0
WSananaSW,DJEKA_ZLO,-1,0.0
Abrahamprocel,MUNOR60,-1,0.0
graanfer,WizKnight,1,0.0
sauravvyas44,Maximum925,1,0.0
Lesteramschess28,BlueKnight22,-1,0.0
satanicuprising,IntegerX,-1,0.0
merblkn,gambit0402,1,0.0
albertasis,Bazavov,-1,0.0
RomaStudent,XADREZ57,-1,0.0
Ar3a,NutBoltu,-1,0.0
SchachJoghurt,chess98c,1,0.0
Excalimaz,etherbleeder,1,0.0
pfticas,Ry1975,1,0.0
SpartiateDesSteppes,oticMJ,1,0.0
alanjoshy163,s_m_sajjadi,-1,0.0
capov1973,Igor_Gavrilin,1,0.0
Ankitakshu,chessavenger31,1,0.0
amiralikhan,mahdinajafi1956,1,0.0
RRR20,lastdancetonight,-1,0.0
atcosennu,ignaciuk,1,0.0
palip,mamountahri,-1,0.0
Tigran281190,sosochauchidze,-1,0.0
Aadit2023,antoniovaldez,0,0.0
Kirgiit,perder_es_ganar,-1,0.0
P_DR_0,jasso007,-1,0.0
andresramiriqui,noquierojugarajedrez,-1,0.0
Sarveshdev01,datiljlj,1,0.0
piyushmodi25,fima912,-1,0.0
Hast123,Pikapi018,1,0.0
Nikamma,ToledoGabrielA,-1,0.0
Juhispetteri,,401,0.0
pineapple999,,401,0.0
soheilsoltani91,Kifonam,-1,0.0
Armyn_14,King_Jesus,-1,0.0
Funebrero73,Jfriendship,1,0.0
IgorAndreich,Gordeev_Anton,-1,0.0
TanTheMan7205,mgarcia79515,-1,0.0
Cyber_Panda,kingkroool,1,0.0
RBCrazy,,401,0.0
Hassanadelll,,401,0.0
ajedrezcosi,Igor9999999,-1,0.0
Bobby_Fischer077,Jhonny_Jhon,-1,0.0
Mattiyear2021,Sunny137809,-1,0.0
william00053,scorpi_06,-1,0.0
blunder-sam,abcalfa,-1,0.0
zzodamo,luisalvarogomez,1,0.0
Cyphus-Daemos,Calivend,-1,0.0
rookvsqueen123,dark_thinker_390,-1,0.0
Amphibica,okeefephil,1,0.0
TorsHors,PrydunAndrii2004,1,0.0
NewCheckmate,hussain9Talib,-1,0.0
Gnosssienne,adul_l,-1,0.0
MtroAdan,ANISH0000,1,0.0
newphillyman2003,Eduardolis2,-1,0.0
DNA-h,Pr0sper_1990,1,0.0
Might-Duy,GuntherJemtzow,1,0.0
orodrig,Jyaniz,-1,0.0
GmmGNodirbek,kalavera017,-1,0.0
Pilot872,Alex_krd2012,-1,0.0
Menstruathor,Farsadan,-1,0.0
Kausoma5486,sandrinebruno,1,0.0
P_h_e_n_i_x,BVA63,-1,0.0
AlexGo1l,fhfjhf,-1,0.0
artur204,kaleshnikov,-1,0.0
yousefshamel,wiolozaur,-1,0.0
Thomas150,GregorUTN,1,0.0
Tyler19961022,Lars2009,1,0.0
Diemer85,Lev0708,-1,0.0
Revengetime35,,401,0.0
ARAGORN1020,,401,0.0
frkn35,Pops_jp,-1,0.0
shubhbul,xXBestEverXx,-1,0.0
minimouf,Sandiman8,-1,0.0
GlamorousCar,Eeffiimmkkaa48,-1,0.0
NimzoAtttack,h333x,1,0.0
thoch,pyhtin,1,0.0
fisher733,tarjaaa07,-1,0.0
Benno2403,DJFranky,1,0.0
momdsamu,Tero978,-1,0.0
JonnyMcMuff,AndrewOfori,-1,0.0
PorterDennis,Dan511,-1,0.0
MiguelGTGT,istra-rovinj64,-1,0.0
DanyaShar,VeseovChess,-1,0.0
Garripluha1970,Dabeastnva,-1,0.0
Ritam2012,Jhavarun,-1,0.0
benies7,AdvaitHarchekarVCL3a,-1,0.0
jandinho123,rds1979,-1,0.0
AaronCBurke,rainroller,1,0.0
Dpmendes,damir_valiullin,1,0.0
Harsiv_adithya,Spr1tz,1,0.0
Chess_Camel,MisterQ60,-1,0.0
Sioulsemaj4891,sasfeszek1978,-1,0.0
mcitran,KnightAssassin1215,-1,0.0
Cara10,bdchmie,-1,0.0
ccfrubi12,Lazonegad,-1,0.0
tkksap,NOW_9_DESAI_ASHAY,1,0.0
moromi1381,soap_617,1,0.0
pepevive,Forreva,-1,0.0
kodshahmat,AkaiKenshi,0,0.0
varalakshmi2012,vonsgoated,1,0.0
Alvi_27,zyavaegiev,1,0.0
stefan2709,pacotilla999,1,0.0
zdmr_mhmt,Juanoune,-1,0.0
dazproger,skampesk,-1,0.0
ApiYo,poncho54,-1,0.0
Bisnettinho,Jorgeor,1,0.0
poster1890,EDAgura2017Tugue,1,0.0
WouterFR4ever,RawiW,1,0.0
mariomunoz,Mohamedelbadryfa,1,0.0
mynamesSerg,sajid2001,1,0.0
Tanzirok,Oleg555-o,-1,0.0
Hino-Kami-Kagura,Poussin06510,1,0.0
bayepo9779,simpfor2d,1,0.0
azjargalaltangerel,SeNKo27,-1,0.0
vishybatu,MagiciansGambit,-1,0.0
Az437,Damis923,1,0.0
Alwego,,401,0.0
lokesh_1,,401,0.0
DrawsKing,jackymichel,-1,0.0
Gruppa_Kr0vi,Gaseema,-1,0.0
cubeAD,ashfaqahmad,-1,0.0
Dvenkatesh,psychoplatypus,-1,0.0
Natalya1992,sobakaPozirnaja,-1,0.0
z49910150,chernobyl_zone,0,0.0
FeTTe_MaDe,OsamelyPesec,-1,0.0
Roman_FaKonov,Jesuosb,1,0.0
romanaparin,HydrogenBondz,-1,0.0
Philas01,arvindraja005,-1,0.0
Jeremyzy53,Mr-ZeQ,-1,0.0
DrAbosaeed,vermic,1,0.0
Sun_REmo,ILHOM_AZIZOV,-1,0.0
Henua,amirmohammadjabari47,1,0.0
hdmmalauredopd1,Splaza10,-1,0.0
davidmartinez210374,cyber128,-1,0.0
Underground-Queen,MeninoVadio,1,0.0
Arina1228,PetranTigrosian,-1,0.0
ujjwalbohra,Moonn2007,-1,0.0
davidjguillermo,Future_is_now,-1,0.0
Ammar_Aryan15,muhammadadam12345,0,0.0
AIrinaV,Eselzug,-1,0.0
Vollstrecker9978,KualaLumpur1989,1,0.0
Bugay,LorenzoPapiano,-1,0.0
Rory10Rory,bryceygordon,-1,0.0
Jbyrd11,TarekAzizieh,1,0.0
Empty_space55,Boris52,-1,0.0
hozerman2024,Yu-Gi-0h,-1,0.0
Koravar,Jackhuna,-1,0.0
kobisphilip,LarsiGoreng,-1,0.0
watsapp720,Chezty,1,0.0
EmperorAce333,Abidin1979SFR,1,0.0
SohamBhatiaZ,shakss07,-1,0.0
Mnofy,shuvo217,-1,0.0
Helium93,tshedy,0,0.0
XDewInfinity,Anton_tops,-1,0.0
AndrewK47,Chess_DC,-1,0.0
XxX_GuCcI_GaNg_XxX,SmooL55,-1,0.0
MrRedwest,chessopper,-1,0.0
adrielom,walidbenmbarek,1,0.0
ralamy1,Dr_Cooley,1,0.0
bluefalconnnn,Zyrixter,-1,0.0
Erich93,mixjojo,-1,0.0
Dokumaci,DhruvParmar17,-1,0.0
ivoptk,rockolo,1,0.0
rachid10,Cumback52,1,0.0
Valen14,dursdems,-1,0.0
matias7878,quanelpalestino,-1,0.0
AJDC248,FelixDeschamps,-1,0.0
kudu6161,yldzapo61,1,0.0
Nirtobb,Upi23,-1,0.0
ZeRitoS,blueberry7,1,0.0
Khaled_Green,salah65,1,0.0
PrinceBR,Samsunga,1,0.0
DjangoChess07,maadrian,-1,0.0
Aharav321,erikvanloon,1,0.0
BallamaUstasi29,HUSH1201,-1,0.0
Alexandr_B,Swara35khandelwal,-1,0.0
MohanDosokey,PhathuB,1,0.0
amsterDAM12,TheBleakMidwinter,1,0.0
LeSpix,MMM1957,-1,0.0
wkdgussugdkw,Pioada,1,0.0
prizrakmonaxa,taco1220,-1,0.0
KingZ7,Paloma2000,1,0.0
dominik-hd,kazemlotfi,1,0.0
javdu,Zti,1,0.0
matthewracing1,,401,0.0
Artifook,,401,0.0
TriceratopsChess,shravya11,1,0.0
Mikhail_Sviridov,Mr-Yugi-Mutto,-1,0.0
ROBNE,jmurr5,-1,0.0
karls2986,Alexpzh,-1,0.0
Nehalkro,JanWendland,-1,0.0
Lethe2,spopkov,-1,0.0
Amirkhani1390,ArneJ2806,-1,0.0
VSobhitharam,Sergey-26-04-1985,-1,0.0
felixftw10,ashmitrana,0,0.0
Maxim_Chebotarev,Jayco88,-1,0.0
Bezraa3000,fokestogaming,-1,0.0
B757-200,maruu_h,-1,0.0
St_Chris11,barnstormsky,-1,0.0
ZError,HabibAshi,1,0.0
Gizemli_kaleci,,401,0.0
ih1k,,401,0.0
DaniFlow007,Rojercer123,1,0.0
dnlsjtmznzl100gg,pcpenguin,1,0.0
hero2005,skorpion123,-1,0.0
Jd48,anastasiei,-1,0.0
Lexlive,adhiraj_m,-1,0.0
Andyj16,satb,-1,0.0
littlemark,levi_jonathan123,1,0.0
Semenzara170,mirumen1,-1,0.0
I_T_k,Ahmed_fox665,-1,0.0
Vulcan150815,MauroCordeiroChess,-1,0.0
ama-macaque,smrti7890,-1,0.0
alimag71,Anerom78,1,0.0
yasa_22,Sultan_of_Sack,-1,0.0
serg076,EdWagemans,-1,0.0
conan12345ngocan,Chez-john,1,0.0
prithi123,sirprawn,-1,0.0
Soven0k_10,ercul,1,0.0
jusjmkim,coragem4,-1,0.0
thehyperthetical,BezVadimaDoma,1,0.0
Chess_Prodigy2024,Roidesnobs,1,0.0
GAOR82,BishopRadu,-1,0.0
Jaji2010,miRishabh231,-1,0.0
Timon6e,alyssum,1,0.0
ggsbuddy,Drgitesh1961,-1,0.0
Fal3x17,Titto29,1,0.0
degreez,Dancer1,-1,0.0
bananas007,henryfriendly,-1,0.0
theoichess,supersebi7,-1,0.0
rg_76,blut_engel_rinat,-1,0.0
DagerCoo,albertohevia,1,0.0
SelakauArie_0,theglacebob,-1,0.0
Tal-Es,ynsss35,-1,0.0
GAUTAMblr24,Rapidchesselo,-1,0.0
melayuterakhir,StasV1996,1,0.0
Andpkpl,straightouttaSE,-1,0.0
Noob0chess0player,saktitianltd,-1,0.0
Kingfuria,LUIS_DER_UNSAAC,-1,0.0
teo1966,LupoLuccio,-1,0.0
lexychess96,AlexanderFabricio,1,0.0
dimka89,TarzanSchweigt,1,0.0
lookingfortaktiks,blackorwhiteknight,1,0.0
Ygor_Ryazan,rokkinm,-1,0.0
AD86842,KINGSMAHN,-1,0.0
Basel-2009,aronnax18,-1,0.0
Boncie,SPILLER-X,-1,0.0
Aled_nn,stanmay,1,0.0
solear,mikluha,1,0.0
Guru_das,fabio26feb,-1,0.0
almsroor11,Hadi_hussamo_24,-1,0.0
aouissi-chess,DaiwikJagadeesh,-1,0.0
Alexander52NN,Arisia,-1,0.0
Maximus907,GiorgosAth123,1,0.0
Igoryant,TENGOunCOFRE,-1,0.0
quatorze,Bauer-sucht_Dame,0,0.0
PakLieLianC26,Chatte1150,-1,0.0
Minatavr71,esentuki75,-1,0.0
Sanjib_Tax,ottoti,-1,0.0
Lubha,ngunguu,0,0.0
profesordas,Smislov_Braga,1,0.0
Exordiurum,stoneblockhouse,-1,0.0
alimzhankz,medou97,-1,0.0
abombz,hyeono00,1,0.0
leomessi_23,Kaldas90,1,0.0
hknod,Daur1986,1,0.0
IshmamMuiz,Elmira_021,-1,0.0
Abhinava_9578,GabrielaBaloyan,1,0.0
tragomago,Kitcampos,-1,0.0
HVsharma,joaopaulo3003,1,0.0
keenslimcatfish,abwfares1965,1,0.0
RichardQuilichao,NoDigit,1,0.0
RemAm260,r7em7,-1,0.0
deepgooder,SHERLOCK_THE_BEST,-1,0.0
Try_Hard_2V,Kostas68,-1,0.0
yntenot21,Not_Your_Saad,1,0.0
V4lium,Hafeezmhd,1,0.0
Mehmet_7,chess_noob_master,-1,0.0
Mr-KARTAL,Torito2000,-1,0.0
Irbis_zp,prawnX,-1,0.0
IzbasarovTimur1707,Tterry,-1,0.0
kingwolf1234,kobemagic,-1,0.0
RuslanFromUfa,amchamp2000,1,0.0
adv3,dsc60,-1,0.0
IceDweller,NotJudell,1,0.0
slavadeq,elro07,1,0.0
Maciej_zz,Piotrek_zz,0,0.0
algrearat,chesswolle,1,0.0
Yeraboina,jose_61,1,0.0
mr_iuz,basilche,-1,0.0
Unknownplayer101010,lcnxv2021,-1,0.0
bala1955,alnikgul,-1,0.0
Recolecto-Minas,francisco2310,0,0.0
AlstonSabastian,alvaro_campeon,-1,0.0
sigb98,Igor-Shklyarenko,0,0.0
Mokotete,Quyllur,1,0.0
utajipanga,my_pawns_are_yours,-1,0.0
usmanahmad,orabichess,-1,0.0
henrik9002,Furan42,0,0.0
malialtan,laggingbaconvn,-1,0.0
Bodnariuc_co,ggua76,-1,0.0
oscaruuu123,carmid223,-1,0.0
vibhor_124,AZ-238,1,0.0
Manthan_01,Lk0717NKE,1,0.0
DebasishPra,alexxx2N,-1,0.0
nupa3,patronf,1,0.0
lopez89,jnuelle,-1,0.0
affect11,mozartishere,-1,0.0
whos_that_magnus_guy,MostafaAboelnor,1,0.0
SittingOnMyButt,vanadio81,-1,0.0
jorjon000,Ferv0ur,-1,0.0
Dadiudul,infinite_king,1,0.0
ZikriSahin29,beenykuttan,-1,0.0
wow_08,kapppoSama,-1,0.0
snaju,etinawin,1,0.0
evgenbashkir,nshpritz2,1,0.0
Serzh-Gromez,aleksbav,-1,0.0
Karloz1329,Vok-555,-1,0.0
Harshh-nivak,JamesFerguson,-1,0.0
Sol41k,naraleks,1,0.0
engineer2,Doomplayer_666,-1,0.0
kuda_sultan,OspreyMarauder,-1,0.0
PradeepBharade,Parmal_Chouriya,1,0.0
MOHAPXUCT,Dmido,-1,0.0
Chesskight14,Niyaz777,1,0.0
ThePrinceOfThorns,nldphlz_23,-1,0.0
Siavash-I,Flame87,1,0.0
KavindiGeesari,chesslucasking,-1,0.0
MitinGeorge,Erosant,1,0.0
Schach_0803,mjm281,1,0.0
eray1988,Anon35,-1,0.0
sixtyone007,cozy2345,-1,0.0
Syel,Oscar-De-La-Rosa,-1,0.0
churrasquete,nicamotsky-attack,-1,0.0
BloodRaven92,grantelnundmotzen,1,0.0
Manelinux,Pugliane,-1,0.0
pivert_1938,abhilashdxb,1,0.0
fmpoflyer,Greensharder,-1,0.0
mlonop123456,socana69,-1,0.0
IDoThisOneMoreTime,knlmurthyo4,-1,0.0
TheThrill,StructuralRigidity,-1,0.0
Ralf74,Kannnichtviel,1,0.0
WPereira,larryleelane,0,0.0
reza_poursh,M4l3X4ndr3,-1,0.0
sTuUpIdnAmE,KagorZug,0,0.0
lorrots,alvaro279,-1,0.0
gionabaldo,kouchich,1,0.0
FrenzyD,baladeabacate,1,0.0
Denis-190,chesssera,-1,0.0
dincer_baskan,Stefanovthe,-1,0.0
reezjazman,Palanques,1,0.0
Oscarhuaiquimil,Arturo2567,1,0.0
Ri3x,labrego,1,0.0
Dmitri_75,rajeeshprajan,-1,0.0
Imjava27,kingragz,1,0.0
Kaka08,ruslanka1986,-1,0.0
ahmedreda_1,Lernik_Gladiator,-1,0.0
fidelov2,Sharalis,1,0.0
Atokral,seanski26,1,0.0
Roman0509,uncle-mattie,-1,0.0
cache777,palmagerry,-1,0.0
Oleg-GOR,Przemekdi,1,0.0
Sobakin19sm,Phracture2022,1,0.0
John_S1lver,ggcraveiro,-1,0.0
efgen101,vivekkushwaha7898,-1,0.0
fun4jkb,Snoow_23,-1,0.0
shlokshroff10,chessyogi07,-1,0.0
Herman11,Singandaru_OPG,-1,0.0
Hfourie,LOVE_X,-1,0.0
JoseChees2024,gavial,0,0.0
Wissam123_123,koneeb69,-1,0.0
ManhattanO,ClarenceDChess,-1,0.0
Filipp_2017,josema_79,1,0.0
FrenchThinking,lexsbit,1,0.0
StephenAmBro,ALEXLECO75,0,0.0
alekseev98,SirHK1,-1,0.0
Angel_Baptista-13,Aakash789,1,0.0
Dhiren1206,begechess,1,0.0
storboo,chuchov22,1,0.0
MomeniMahdi,samfp21,1,0.0
brimstone52,aboroshd,-1,0.0
jhamzy9,canlar,-1,0.0
the-runner,MOAAZ111a,-1,0.0
PapaLena,ReunitePangaea,-1,0.0
Mamedov_Shirhan2014,Zhou_Dylan,-1,0.0
Pranav_Gothe,tppkam,-1,0.0
showired,thehikingbadger,1,0.0
Shabinp,milailda,-1,0.0
LIVTE,Rokkaso,-1,0.0
rsit,Faiz_45mkr,-1,0.0
campeon_bullet_10,AlexeyZuev,1,0.0
spuddddddd,Seraphim8293,-1,0.0
Adria2011,moneer999,1,0.0
aladin123456,AQUITAIN332,1,0.0
King_of_Clever,dineshvmaster,1,0.0
Gui_Obermuller,elmachofran,-1,0.0
Parovoz98,Omeske1,-1,0.0
espoir_17,kralrobert,1,0.0
matherforce,Aroseisaroseisarose,-1,0.0
seaman248,keanegleeson,1,0.0
chess64bit,Olezha_loh,1,0.0
Amkey,jordijcr,-1,0.0
Grepulis,LeVanneau,-1,0.0
x6am,Daviz-Stgo,-1,0.0
bogor_action,darmanto123,-1,0.0
whitetoki,Peam777,-1,0.0
Barisdsd,BENGUNN,-1,0.0
CJazz251,aztecnietzche,1,0.0
Valkotassu,Valoron,1,0.0
spaceguild,elmo75,-1,0.0
tomasdr,punkout117PK,-1,0.0
admin54,balu1969,-1,0.0
Gabro_Miranha,FabioCaixeta,-1,0.0
dinesh_braina,kuider,1,0.0
MurkaFRF,meiembipe,1,0.0
piroman66,MB0102,-1,0.0
Rahandzandi,Davidson79,-1,0.0
nadal73,Olexs,-1,0.0
Ariuka8824,IgorVK,-1,0.0
kemmOOna,Txemaypunto,-1,0.0
filkoff,Takutzin,-1,0.0
abed1000,Ov3ja,-1,0.0
Roninkill,Piuttosto_scarso,-1,0.0
Akashoooo,varunranaji0811,1,0.0
shubham12145,Sayli_deshmukh,-1,0.0
puhelinhassuratsu,mehrdad44,-1,0.0
knight_crawler1,Lean1972,-1,0.0
sultan248,Azamat1996,-1,0.0
Matthieu2500elo,lauchx,1,0.0
Chessian,mamorusc2,1,0.0
danofdans,Sumit9391,-1,0.0
boogyman123,ItsAnd1,-1,0.0
AlbaKnight,Kchessman2015,-1,0.0
Demkiv,Valdo_9182-1,-1,0.0
ElvinPh,Il_Trapezio_Marziano,-1,0.0
Ayoub_goatedzaimi,Capa89,1,0.0
maknyus1984yyy,Martinious,-1,0.0
Atget,hezndu,-1,0.0
TUGOOB,Nailual10,-1,0.0
walbig,yuneiker-chess24,-1,0.0
Almetti77,Vallesco,1,0.0
musahmet,Raphalex,-1,0.0
TheBishopR,EL_DOC,1,0.0
MangoPeel1,DimaFaraon,1,0.0
cta94,benjamax7,1,0.0
ChadAashu0,shayashayah,1,0.0
poojapooja22H,Zauberdavidhaus,-1,0.0
Run_the_jewelz,lXGMXl,-1,0.0
Erich_Eliskases,Bonitta,-1,0.0
Knight_Rider_B2,K-Lphang,-1,0.0
javiermarinnanez,BossKingMaster,-1,0.0
Voara21,Toavina66,-1,0.0
ceresith,Dancer1,1,0.0
Blackpanther544,edall1962,1,0.0
Arafatt00,Anticolle,-1,0.0
TooSlooow,Mohammed218mm,-1,0.0
i-am-russian-machine,poppohorik,1,0.0
PSlinochess,kralaslan_21,-1,0.0
Haxhar911,GreyMW,1,0.0
Thecleanghost,Amigo_mi,1,0.0
Enecharla_14,ItsTheGreyGoose,-1,0.0
regicide101,IkramRW,-1,0.0
MARIK13052018,sergbur,-1,0.0
nickanyways,kilrboy,-1,0.0
Wirklich123,tmandl,1,0.0
MusaWien,Salih7267,1,0.0
YogiBear244,peterpan1975,-1,0.0
Bryano2023hhgdfhgrvb,AquamanR,1,0.0
Badang1,milankatwal999,-1,0.0
uga40,afiffuddin,1,0.0
MasterOutOfDisaster,ostapibrogim,-1,0.0
drevitskii,Onthisgame,-1,0.0
eliwagnercode,jlopesflorencio,-1,0.0
Hatm310,GaaanGuuuu,-1,0.0
phidalgo07,Hoekchess,-1,0.0
Augustogp,Annagiulia,-1,0.0
Cheikh_Musa,RickMGcxnl,1,0.0
zaphiri,motty4321,-1,0.0
Orest_Zinchuk,,401,0.0
Lev_Trofimov-11,,401,0.0
kriksan,Mr_WingTsun,0,0.0
dixie10,Khuramsabri,-1,0.0
Sabarivasan_17,Sonzeri,1,0.0
HeYCaNn,Mark1101smd,-1,0.0
Xeyal_Mehdi,gonze,-1,0.0
michael_ws,smcalpin01,-1,0.0
Prince_Akiba,always63,1,0.0
Sasha_Kosenko,Giwa_Samuel,-1,0.0
Melikov-Roman,Velo14,-1,0.0
grgjr,tobros,1,0.0
Yaroslav34,likephenomenon,-1,0.0
Qazer1,HerbyW,-1,0.0
Rapapapatskyi,Lazius2011,-1,0.0
alihmrashdi,AlexPlaymaker,1,0.0
absolutegoist,,401,0.0
ahmed150300,,401,0.0
rah91,niazi5331,-1,0.0
Belousov_Vova,,401,0.0
ankitsancheti,,401,0.0
bucky1898,Pegazus,1,0.0
atakabayev1,javad_kd,1,0.0
Eipheid,andyame109,1,0.0
zeduskha,strugglercurse,-1,0.0
Korolevich93,Vasilevs1012,1,0.0
MingazovVadim,luciopicca,1,0.0
maeyd,turaaa,1,0.0
alex55555,Witsi,1,0.0
AlexShovkoplyas777,Lxj45,1,0.0
Woodywoodpeckr,siberiancrane,1,0.0
Merazir,andreybrown,1,0.0
ahmetsait1905,kvendkure,-1,0.0
Stewartgranger,Houston_Rockets,1,0.0
El_Caballo23,Moekyun21,-1,0.0
rashikcosmos,Koeier,-1,0.0
Falkenauge01,Miilaamber,-1,0.0
Ibrakhim_777,JoePitch,-1,0.0
hantana77,bobojef2,-1,0.0
TiagoMorante2,JbbCreativeArts,-1,0.0
bbjj400,LINDI2020,1,0.0
HekpoMaH,iguretz,-1,0.0
jose65,Norbiki,1,0.0
skk,SimonColligan123,1,0.0
Amin1613,KingLukas1,-1,0.0
martinsh,dgwChess,-1,0.0
Titi-Nono,Tshepisho,-1,0.0
Cfaice,ayoubdab,1,0.0
YuniorTello,ronald7agabao,-1,0.0
Gibby5150,m-ayaad,1,0.0
AMADNESS,MAKIF_SATRANC,-1,0.0
Antonio5300,ggc_08,1,0.0
XYZ987654XYZ,inaz05,-1,0.0
futurfiloharakotobe,Borinowitsch,1,0.0
hugh_sat,robbiemalcolm,-1,0.0
Dima0925,yokoyama2501,1,0.0
josemari1,Marmanu-50,1,0.0
Rocket45,khaledaliii,-1,0.0
mohammadmo2811,umut_yilmazz,1,0.0
J_Bosss,arek_chessforfun,-1,0.0
turturtur,murat_ozturk1980,-1,0.0
Pasha00111,hpirandeh,-1,0.0
TheMedicalProfessor,nemesis010,-1,0.0
juvinco,Znayko,1,0.0
iiTzD4v1d,TarakChHalder,-1,0.0
rezaa62,nest76,1,0.0
MelvinReniJohn5,Ritosh,0,0.0
martianyx,DASBRBCE,1,0.0
Black_knight007,apedmohamed11,1,0.0
jaimedicer,abikoaz,-1,0.0
Dalaimanoj,Robsonrms,1,0.0
ManitoElegida,jor2287,-1,0.0
Dmitryekat,mchvtr,0,0.0
Att0909,wevazaha,-1,0.0
Svastik141147,Bonarsiusspy,-1,0.0
Sarmi_18,SergeiSEMENOV,-1,0.0
SPraTan,Lem0nHead,1,0.0
bernarm,ZacharyZane,1,0.0
Kemya,pasodeblas,-1,0.0
Luisierra,centjb,0,0.0
Gurculeme,FastCavalier,-1,0.0
SMKAF21,Simba-Andron,-1,0.0
That_Guy27,LordArminius,-1,0.0
Swapnil_7879,rubrico,1,0.0
DenisP2014,taha85019,1,0.0
vihaanjg,Neighboursdog,-1,0.0
phigro,Firefox2610,-1,0.0
K-pablanca,pascalreinhold,-1,0.0
Gazirrrr,vinod-vms,1,0.0
Ninjology,williskim,1,0.0
Kalyke2003,dovh97,0,0.0
N14x,eng_ahmed1001,-1,0.0
MrPotatoHead3,ovoimenepostoji,1,0.0
Vorttt,Zhigalko_Sergei,-1,0.0
shddd,gxonatano,1,0.0
Tri47,Mamin45116,1,0.0
Alvarorosas2024-09,Jairo2023,1,0.0
