user_id,blitz_rating
engsultan00,1768.0
Panfi,1351.0
rsk86,1460.0
mercanet,1743.0
cool-chess-21,1690.0
bhavyamarella,1016.0
amirdna2000,1654.0
FrankJNG,1768.0
HosSseiN1,1227.0
cironine999,1785.0
chessenthusiast2,1439.0
derwolf21,1705.0
mmchess2023,1308.0
Oguzalp13,1228.0
Evalena2024,1739.0
DanHarner,1712.0
mm576,1590.0
Krabulut,1100.0
the_think_machine,1249.0
lionsden19,1701.0
s7alamen,1801.0
Marifercristobal,1189.0
maz350_k1,1805.0
Beemsterboa,1838.0
big-bad,908.0
Cyanideandhappiness,1465.0
lvbnhbq1982,1338.0
Bobbynae,1771.0
fortaken,1496.0
jonateng,1432.0
schachsinnig,1635.0
BMBenito_2016_Tugue,1359.0
bobsonx10,1493.0
vahid1402,1228.0
harrisonpeen65,1687.0
BenWeb1664,1238.0
VaChechnev,1768.0
SirNefarious630,1816.0
GramBoLubie66,1745.0
tshifeler,1466.0
foreverStuck,1773.0
soloview,1386.0
Kawabanga222,1734.0
NiemannFan,1381.0
Rawoul,1399.0
tolezet,1827.0
mangosta_1962,1499.0
wdfub1,1232.0
P3rrys0n,1438.0
Alexkonstbg,1886.0
Sp1aw,1170.0
OLEGPLAYER152,1471.0
Endgamelost,1588.0
timlawson,1872.0
AhmedHonda1986,1860.0
gittilayke,1465.0
ramac-bartol,1839.0
bluecow1,1818.0
AvBurakhan,1526.0
dukicmond,1730.0
northern_monkey,1761.0
mmevlutbyr,1462.0
D4boss,1581.0
cursedfg,1378.0
zdarzbrum,1521.0
deestar,1709.0
bachmoch90,1426.0
mehmeto,1466.0
dvsuhov,1500.0
RoseWhite,1038.0
potamianov,1841.0
mrkingtony,1419.0
bullseye9,1510.0
kezhik_0,1514.0
albassem4,1412.0
Sky0010,1808.0
bobby-vishy,1769.0
PlayaONE,1721.0
leongambit,1667.0
loup76,1342.0
jonny0507,1730.0
Frantz27,1682.0
Saganash13,1804.0
Oida1,1142.0
Yazish,1537.0
Naddyuza,1404.0
IplayforDRAW,1686.0
sandraekaputra,1719.0
ImaRandomBot,1350.0
PorroRey,1511.0
killagame72,1194.0
GROss044,1165.0
RGratsch,1771.0
irswamy,1572.0
bernao,1856.0
Piter-RR,1418.0
ssekoss,1445.0
CARMONAA,1271.0
usta9010,1542.0
Muhammadqodir2,1500.0
davidisraelhay,1512.0
werdnaz,1701.0
yar13,1369.0
Mahanand,1868.0
furi_za,1231.0
Litelants,1840.0
Menierva916,1922.0
mimar_harsen,1284.0
Mohammad_m3d,1479.0
seyed1349zia,1434.0
Shikabella,1395.0
bukidron,1533.0
Tymanov_V,1771.0
warsawplayer,1536.0
insane_ke,1559.0
Strength5gorsk,1382.0
Walkere,1631.0
Devdutt_three,1803.0
CruaWarrior,1470.0
fezfez_05,1265.0
antibiotik1985,1696.0
kulik7,2002.0
YUBAMACO,1650.0
MaxLag,1391.0
bruno1m2m3,1664.0
shujau,1708.0
GlobalChessArena,1456.0
BodyMindSoul,1735.0
MR_HBashoq,1649.0
teperto,1791.0
Andriy60,1730.0
warelds2,1591.0
amirshahal,1587.0
akrmakrm,1759.0
jsedano,1847.0
maciberia,1500.0
Uganey26rus,1438.0
Mi0091,1542.0
pejciczrn,1404.0
pooyapli1,1814.0
DGBerana,1377.0
Gatto03,1243.0
foolsandhorses,1427.0
BillOudi,1390.0
tm2383,555.0
Vadim1107,731.0
BismarckWP,1339.0
Maks633010,1445.0
David_P0,1450.0
r_117,1407.0
Checho19,1659.0
Brass67,1481.0
Vaibhav_Dang,1326.0
Eden-Hasard,1602.0
bmbarto,1432.0
MrChuckL,1973.0
burnedlight,1014.0
potrerillos94,1892.0
AMRJ9,1015.0
blueskychess22,2105.0
hosseinhatami7595,1381.0
misos_35,1277.0
abasad1,1455.0
buttbreff,1200.0
OgSnkrbbb,1175.0
smailllll,1355.0
fesed18,1680.0
respublicano,1719.0
phuocvip1412,1461.0
phebololuna,1481.0
estebanovitch,1569.0
DJ4Y,1137.0
mirza_amaan,1477.0
estrellita05,1665.0
woody86,1736.0
klauspn,1852.0
MISTY_96,1723.0
suchetkodate,1398.0
DKS256,1150.0
Anirudh99545,1337.0
DmitriyKol,1631.0
amirvalizade1963,1356.0
George_mav6704,1083.0
Sangon,1375.0
dnlgrassi,1333.0
abdelmoezbasha,1505.0
santhoshn,1830.0
hitam99,1323.0
Solar-Wind86,1925.0
cherguimd,1672.0
RagnarokLothbrok,1500.0
Johnston3,1754.0
Natwyk,1467.0
GOATxOVERPOWERYT9577,1296.0
chemsedinebouakazi,1503.0
Vladimir123kr,1448.0
Freshzombee,1454.0
Blazkowi23,1382.0
Zerspragler91,1768.0
DCristiD,1442.0
risali_123,1475.0
javadmj21,1856.0
rdursun,2159.0
Dilip_noob,1521.0
CosimoZeno,1322.0
chessbyine,1385.0
fugga,1499.0
urizarulises1,1523.0
MihoSevastopol,1861.0
rumpeldipumpi,1501.0
ahaiazor4,1734.0
ASsmaditya,1172.0
Andry174,1291.0
avetgrigor,1832.0
AngeZ021,1458.0
Boccherss,1500.0
perry444,1739.0
hanzohattoriii,1106.0
euroval,1919.0
hm468070,1483.0
yabbaman7493,1027.0
csprejer,1542.0
Chess-In-Motion,1397.0
pilavustuet,1055.0
r-v5g,956.0
makyxaaa,1475.0
Vadilka,1680.0
nileshmithiya,951.0
waits05,1856.0
FKom58,1360.0
Akam_1235,1907.0
cardere,1474.0
maujoma,1259.0
timorlov,1328.0
Mhlobo,1696.0
pavel77m,1306.0
mertmex,1639.0
SaptakPanda,1495.0
bhawthor,1624.0
suesswarenlieferant,1254.0
BotayRinat,1585.0
arnoldAK,1424.0
Fayis1982,1348.0
Bellator_truimph,1189.0
Ecuador_Carloz,1784.0
BauruMarcelo,1019.0
Narengi14,1443.0
ka9807,1851.0
Dunkin_Kwim,1471.0
Cali-Dragon,1660.0
Dabro4ess,
magal100,1767.0
filip_j,1493.0
filkinagramota,1465.0
I_adore_Anna_Korsun,1572.0
Zeno1993,1283.0
saifanov20,1474.0
Toni_Mackaroni,1081.0
sreedhar747,1521.0
nutsu7m,1738.0
SlimyTaco,1755.0
CampPe,1784.0
AndrSid,1365.0
engelmar,1439.0
pmv_70,1760.0
DumbArmin,1437.0
Hardy09,1655.0
lacroqueta_peligrosa,1848.0
handada,1881.0
JasonMR_10,1304.0
Maharahdja,1401.0
miykl58,1837.0
haleo,1593.0
nezevrov11,1568.0
ms_crc,1414.0
legeniechampion,1729.0
just4fun_xxx,1473.0
Albert_Zabudov,1356.0
Mekambe2137,1323.0
Marat333,1616.0
otis32,1206.0
canelita_2024,1500.0
Bonsai_007,1428.0
EnGassant,1315.0
mrmangotango,1429.0
metallicr,1858.0
nqiniso,1528.0
Stathis_Branikas,1077.0
C2ma,1730.0
eliseus_1603,1291.0
mahlangumhlongo,1198.0
Ninja1500,1391.0
mohamedssakr,1730.0
manu-gt,1399.0
notahuman_0601,1500.0
karthik_holla,1387.0
AxlRo,1768.0
Tamesh,1831.0
minasfox,1546.0
eren_kls07,1387.0
HOLLOWBELL,1772.0
P5489151287877327827,1382.0
kobuniko,1467.0
tukijj,1545.0
appAlexander,1410.0
AngreifervolleKanone,1720.0
ezln88,1532.0
kidh,1400.0
marvel1,1887.0
PADAYANI21,2133.0
Andrea_F54,1316.0
valbuev,1498.0
rrgarcia93,1540.0
hazemfazzzaa85,1391.0
Amablenegrelle,1524.0
blasALANGUIA_ESIC,1319.0
davidhummel,1691.0
ghobad141414,1764.0
chapman_green,1216.0
Nofacekillah,1265.0
Twothree,1367.0
arbuziiik,1383.0
Elias_23_23,1405.0
raffyagarcia,1740.0
A_H_ABD,1412.0
vsemstroi,1500.0
menghini202,1338.0
Endgame2780,1961.0
DonJevo,1424.0
learn98r96,1692.0
Dharsan221,1413.0
Montalvo3,1768.0
All_NiGnT,1087.0
Termee,1659.0
wearegenoa,1628.0
Poomlyglot,1827.0
htywx_gnjl,1828.0
jerebox262,1753.0
adzi_12,1192.0
Smelikk,999.0
ismailalsudani,1202.0
iranshahi,1848.0
mutohard,1599.0
Peterdelk,1435.0
MrAdarsh,1331.0
paxtonmidget,1462.0
elque-aprende,1820.0
xenieray,1765.0
Average505,1333.0
yas1376,1728.0
g_peron,1692.0
ImprovisedOpening,1356.0
lemonsgambit,1362.0
Sherif_yassin,1439.0
manuP73,1649.0
khaled_boudina,1443.0
sunyatameng,1575.0
kayaloram,1427.0
Pavel_Ch,1704.0
Christos56,1449.0
Shikhar_Dhangar,1373.0
Rgloreto,1765.0
jechumizx,1641.0
Albert_Einstein_12,2099.0
hammer_of_destiny,1419.0
popfhv,1413.0
YOURSISTERBOYFRIEND,1794.0
KawaiBullet,1328.0
Grandayo,1770.0
papabadboy,1280.0
podiumthief,1319.0
BryanBedoyaArrubla08,1364.0
Wolfi71,1891.0
Maxp1974,1676.0
Maxim_lu,1226.0
jaychole,1889.0
bermudaox,1235.0
zeitGuy,1476.0
A7968801,1491.0
Aleksandr_1957,1757.0
obraad,1412.0
OriaMike,1456.0
Abchife,1193.0
hoslo,1711.0
arazhuseynov,1789.0
vietan0,1210.0
BlackJaguar0,1401.0
Sonnenscheinender,1601.0
radu25,1315.0
Impu1se1,1104.0
AmeerIsmael_Lazo,1327.0
Raehgalchess,2088.0
Granny-Bmmy123,1400.0
KnightChrks,1439.0
othmanaloide2,1500.0
UyV,1396.0
Franek369,1349.0
Dimaslon-13,1495.0
sky-destiny,1459.0
Luca363636,1423.0
tenine,1496.0
maxb1959,1385.0
Zukulus,1508.0
SamBott67,1518.0
RealMortreD,1333.0
Zatluanga,1427.0
HorstReicht,1453.0
RemyGonzales12,1684.0
DarkPatate,1304.0
Jakeh18,1779.0
IgorRogozin,1785.0
hossein_qanbari,1369.0
liufi,1864.0
Wonderboof,1219.0
Tsudago,1934.0
makiavelli2011,1774.0
doctorjpizzle,1727.0
lukas_schmoigl,1419.0
tchegalo,1674.0
olivertwisted,1362.0
kevin_vr13,1502.0
JaqueMother,1388.0
amirh12,1366.0
A32miller,1262.0
chesskiller_23,1256.0
Svileni49,1519.0
ufftauba,1752.0
ryzman17,1251.0
Zamasu_14,1793.0
isac_J,1076.0
leonel_de_freitas9,1544.0
CesarS96,1484.0
corle007,1757.0
dfczcv,1342.0
StefanoApi,1500.0
DaviOliv3ra,1487.0
Gabrielorjikalu,1626.0
Aizac336,1378.0
Fedwhisk,1825.0
Mataberk,1843.0
Bhuvikaarora,1320.0
johnd_gomez,1696.0
Darmol_XXX,1500.0
Logiciels3655,1222.0
happyrajesh,1398.0
Noonlight,1351.0
vitek_fft,1427.0
woleit,1985.0
Monarca_Chess,1685.0
MusicalHumorouspawn,1678.0
tryingSomeMoves,1849.0
HydroOwl,946.0
KingRichd_3rd,1739.0
outra_pessoa,1778.0
DonquixoteRobin,1204.0
tilin-insano,2230.0
ChessGuess,1448.0
Anskil490,1511.0
Smokin555,1400.0
Ajith330,1116.0
PNBRQKA,1500.0
Freezenwill,2041.0
Fruehlingsschwalbe,1692.0
cat_luna,1396.0
Omarkobe,1452.0
Syadin,1508.0
Ving2009,1771.0
M-Dimash,1749.0
onkamatkar,1678.0
saraj71,1449.0
WannaCry2017,1829.0
Monoco,1773.0
lireuille7,1420.0
Katonasz,1414.0
MartiN_phl,1334.0
iro007,1476.0
Slob112,1400.0
Ironslayerdead,1412.0
Uhang_kincai,1688.0
Dmytro-1,1347.0
jonadav1995,1696.0
JMStr8,1379.0
ALebedevGuitar,1353.0
Justdefense,2110.0
il_76-il,1213.0
SenuASK,1470.0
vinodkedaram,1761.0
ABC99999999,1428.0
ramin_cihangir,1315.0
vistanutzer,1500.0
ethanlebg,1393.0
Icoorus,1151.0
amrghobara,1128.0
Tasiman,1559.0
jasurc443,1264.0
odunkutk1,1233.0
RoboGay,1181.0
ManVanMelle,1915.0
AT007338,955.0
Abhilash001,1352.0
SteamPwrdAereoPawns,1749.0
RAA74,1835.0
MIKAELW,997.0
IRMANDADE,1449.0
ObivanKenoby,1387.0
progyprog,1367.0
stalinic,1807.0
Caro-KannMindControl,1472.0
RRLLMM,1456.0
Capitano181,1747.0
MarceloBielsa33,1776.0
rghrck,1798.0
Bruncvik,1859.0
Soham_Kulthe,1382.0
pitagorin7,1274.0
simone_rgm,916.0
HighVariance,2439.0
AKS008,1956.0
Vlasov_Alekxandr,2504.0
viktor39,2000.0
at-oturtma,1092.0
HeKrOmAnT,2400.0
pbkttc,2509.0
aditivasudeva,1421.0
PatushanXD,939.0
Blabub,1610.0
Aisyahku,2333.0
heisenberg_59,1285.0
HaRrisoN_WellS_0,2267.0
rs61,1246.0
saharshamity,1351.0
Ali_Ardabili,1306.0
vishnu879,1084.0
koala122,2314.0
o7777,2164.0
BARBAROSALover,2043.0
soner_iu,2554.0
Wladi-71,619.0
ian_j,2515.0
czapus,1185.0
Karavaev74,1552.0
NAEEM600,1550.0
EykaScada,1077.0
chhota_bachha,2110.0
awdangit,941.0
ekn_ylcn,1279.0
Los5hermanos,2362.0
fox080,2299.0
DARCUAMIM,2228.0
SMi_1970,2270.0
biokompott,1978.0
wirsch,1192.0
Jesscalimag,1970.0
GCarbajal,975.0
Frizzelhautern,1404.0
davidjguillermo,1448.0
MemoRmz,1911.0
kabulos,1283.0
dylane33,2269.0
Aristotele73,790.0
polish_fighter,1846.0
KasarLooper,1235.0
jil1965,1254.0
levchikbullet,1500.0
Forestxxx,2224.0
YankeeDodson,2132.0
Bala79,1500.0
Moraya,1037.0
SoheiliM,1735.0
demarcuscousins,2512.0
G_krishnan,1422.0
greennight,2612.0
sereppy,2256.0
AndyBoehme,2264.0
Leopold12345,1342.0
Teddy-Teclebrhan,2438.0
qqwref,1424.0
Ishmael_in_Chess,1106.0
kahvitauko,2502.0
hot_dog_beast,2179.0
Mimma,2480.0
BanaleKralen,2569.0
Mohamed_AL_Shaqiri,2619.0
explosionbrainchess,2754.0
strided,1025.0
zehnebartar_club,2456.0
Emrey1lmaz,1160.0
ALONGUS,2314.0
fastblitzer_cgn,2217.0
alessandrocarvalhaes,1992.0
alshaib1962,1447.0
kars78,2325.0
Jf_The_Best,1540.0
IVRazor_MyJL,2099.0
kirillun1027,1182.0
IhmeSaataja,1951.0
Ssundee2130,1187.0
Lambo1966,2230.0
ie1,2654.0
ilpignatore07,2152.0
waterson_237,1020.0
Otxariturralde,1136.0
Andless_Feefle,1242.0
chesskose2842,2404.0
Markkut,1490.0
RatofNimh,1446.0
Vova5960,1087.0
Carta_Vetrata,1891.0
Kiskar,2670.0
shashankmis123,747.0
bad-brains,1800.0
anayagarwal2008,1331.0
ngibator2022,1201.0
datajunkie,2775.0
Lishadark,2001.0
Khwan7,840.0
Ms-MaNHaTTaN,2045.0
Z2cd3,1218.0
OhanyanEminChess,2745.0
XXiloop32,2400.0
in24,2342.0
Nocturnas,1157.0
shaurya1702,2107.0
Weak1Slow1,2328.0
BatmanBinSuparman,2212.0
jrpenteado,2030.0
BigCarl,1178.0
bob_tables,1092.0
millesabords,2031.0
cybermanic,1309.0
Utere,1579.0
AMIR-77777777,2316.0
iva182,2305.0
zeta2k,1431.0
lucasmaximus2,1808.0
Kaspa_nor,1755.0
Zsakk19,1137.0
slapduck,1174.0
ChessPlayer15346,1030.0
Ahm_EDbnd,916.0
DrMHJ,2187.0
Ebi2000,1887.0
LinconLuz,1531.0
EnvySmart,2585.0
damuero,1251.0
MMM005,1403.0
JG_NAV,2018.0
whataper,2217.0
serg54,1894.0
Grandpa70,1509.0
FuegoAbrumador,2667.0
DrFlagstein,2865.0
AladarProGT,2391.0
xeque60,1807.0
SuneSon,1306.0
Zeneval,1702.0
Yadu868,1583.0
lazzza_xx,1500.0
ValidAlekhine,2500.0
z2win,2298.0
Brenjos,2436.0
harolmonsalve,1426.0
gectiborunpazari,1150.0
blindfold_chess_7,955.0
miaowha,1634.0
hadeed,2197.0
quicksilver2,2446.0
venco_m,1518.0
Marea_Unire_1918,1961.0
vlh,1951.0
Arielchezz77,2243.0
plansugus,2605.0
NeverOFzero,2223.0
Nikk128,1628.0
lynus_kho,2436.0
Nebet,1886.0
EtPeVe,853.0
Juanjojjl,1822.0
BowleORice,1759.0
Ford_Crown_Vic,1154.0
bowbeforeme,1306.0
ZeruHmyz,2435.0
jonny0112,854.0
LolaIce,1638.0
Zambran,2460.0
vaishu3303,1029.0
Aladdinsalman,1384.0
A7nour73,1207.0
mo7karim,1297.0
DerSchachArzt,2356.0
Justin20140815,2038.0
Gennadiy300iq,1227.0
saam2022,2338.0
RolliI,1874.0
KING-BKD,2188.0
GPLuiS,1723.0
B0103232338,2433.0
himselfCaTaHa,1948.0
PESKI,1450.0
Curiosito,2008.0
HamedKolajei,944.0
Timur96,2211.0
Swissknight17,2172.0
Ticolv,1958.0
dmitrijiiiGM,2856.0
BbZ2018,1423.0
guile_mig,1434.0
TR3Z,1305.0
pawninthedawn,1173.0
Periostio,1990.0
Viktor37bulaew,1236.0
SashaMun,1506.0
C-6YXTbI-6APAXTbI,2234.0
Great1099,962.0
MightBeDecent,2663.0
auror4,1225.0
MasterBishop,2246.0
alexeishmidt,1182.0
AnatraCubista,1506.0
fenixwolf9104,1997.0
EGORZEMLIANOV,822.0
AWildAccountant,1756.0
julianomagnus,1237.0
osprey7,2304.0
Wolf6666,1336.0
Massimissa50,1913.0
HrayrArm,1784.0
mesterseen,2421.0
pacman1354,2510.0
marcomira,1303.0
vania457,2322.0
Digitaldreamer,2167.0
harsha15,2617.0
vlad_thechesslover,2463.0
TheChessMate2018,2074.0
mortpal,1405.0
Devdev,1245.0
hhb9,1318.0
jvr84,1418.0
Jega15,1468.0
coolqueenbee,1500.0
Xplo1983,1097.0
RolandM1,1419.0
TZahar,1059.0
ILLYA_Belov,2500.0
AnaDzuba,2152.0
armyan,1894.0
napirnet,1429.0
thejc50,2164.0
Ashraf202,2099.0
KeonSK,1500.0
biffdiggerence,2377.0
Anton87582,1034.0
xyz1981,2587.0
beatermachine,1841.0
chessknocker7,2606.0
dogrovas,1931.0
petrover,2612.0
Noot_Noot1,1280.0
VitusIII,2146.0
freyrolito,1939.0
AZF0001,1109.0
MastaOfDisasta,2330.0
fockengrind,1016.0
Xavi_M,1344.0
turbado2023,952.0
ArnaldoNP,1871.0
Hristo1956,949.0
Didarchal,1881.0
Burakarzuoglu,1023.0
weduskece,1765.0
Maksim2204,1219.0
saeta,2476.0
Tiloli,1249.0
its_me101,963.0
JZEPEDA12,1094.0
joniking1999,1293.0
Akalp25,1406.0
Abanamate,2482.0
Emmett_Brown,1720.0
lplaych,1955.0
mahendra72,1532.0
N_Drake,1358.0
fabiobc,1060.0
twobraveelephants,2365.0
chess-is-a-live,2488.0
keko135,1268.0
Brauberg111,2002.0
CivEn,2572.0
TheEagle_64_19,2208.0
OmkarReddy,1335.0
ihsoza,1317.0
dr_xStranger,2749.0
Tablebender,978.0
tonyjames1980,1315.0
Marvestinc,1409.0
Yazan_metax,1452.0
l3ab-idin,1807.0
hassan1367,1292.0
Alexprofesional,2582.0
Rafi-2020,2547.0
Chelikk,1278.0
MagicSymphony,2523.0
Dovolen123,2014.0
Daniel123345,2186.0
omidali1362,1861.0
TGibby,1052.0
christohahaha,2210.0
ashi1324,1406.0
kaydavral,1511.0
Auricaura,1484.0
HogRider1919,1147.0
MisterOnua,1995.0
Optical64,1911.0
Mercedecc,2230.0
Fidayi19_63,1578.0
iExystoria,1183.0
vladimir_garbuzov,2235.0
PowerRank,886.0
baldinizk,1394.0
medoy1117,1705.0
Venom_Master200,873.0
gnuzzi1972,1351.0
injuredWolf,1299.0
Rudra187,2052.0
Fart007,2408.0
morasheed95,1254.0
G0tcha,1470.0
kagaskostas,2328.0
fromsakh,1334.0
UltracoldAtom,2184.0
Hasanyilmaz51,923.0
roksom,1182.0
y0ucantakem3,2440.0
Kaantheking80,1405.0
b31b6Consultant,2508.0
casseval,1298.0
Fernando180317,524.0
Pogorio,1218.0
HoangXuanTung,1072.0
othello1,2000.0
roguedoc1,1182.0
DoktorB1942,1362.0
Kohortes,1259.0
strong-king1,1339.0
ihumanzot1,1995.0
Satalkin,1038.0
Space_Bravo,742.0
kirankuliyadi,1735.0
AlanSpn,1371.0
den4ik222,871.0
stanbad1,2657.0
tempoocioso,2005.0
Mandavismo,2597.0
SpiderFX,1179.0
Andey_and_chess,1129.0
ibicenco,2349.0
thekinglear,2418.0
th2j,1820.0
TheNoobiestNoob,1872.0
Glam58,1536.0
ivanknobel,1233.0
Henry47,1703.0
gloriafm,2442.0
Altarius,2141.0
xzMzx,1720.0
Jonhseo,2206.0
EdgarCid,938.0
indomie_egg,2668.0
lavr64,2365.0
Anatolyx,1123.0
JohnJameson88,1966.0
ZAKOPAYKO,2085.0
mohamedalbashi89,2022.0
abshakeyourworld,1068.0
vansh0215,955.0
Derahdoc,1911.0
romkie,1811.0
Firsttouch,1942.0
SubZero-CUBA,2373.0
NotSkate0815,1500.0
MgcnofRiga,2010.0
Slavik_0,1065.0
Chinaskinear50,2294.0
Dopachen,2244.0
Nathanaelle0421,1066.0
eneshanedar,1794.0
missanth,1761.0
Shukh_Nikolay,2576.0
Dmitry_Loshakov,2072.0
liamboogar,1488.0
Jarlaxle38838,1200.0
Neftegor,2479.0
Martinsomerbest,1422.0
CihatDayk1978,1272.0
shrvntal,2141.0
bayat2021,1499.0
pavelarshinn90,1003.0
LSChessonTwitch,2236.0
Layfi,1500.0
be_an,1465.0
SombraFugitiva,2302.0
ClashR0yale,1205.0
daemonthegoat,996.0
Proton_2,1500.0
Phmmtm,1293.0
gowsalyan2021,2135.0
Cyprille,1050.0
maestromorenito,2140.0
varunvar,2707.0
KemoLU23,2323.0
Dragontiger83,2157.0
Bohabbeh,2106.0
flemmli,921.0
pipoynana,1922.0
Tyron_Woodley,2229.0
Gontalot,2206.0
ArturoV2024,2109.0
Gustav_1999,1104.0
Aswerches,1388.0
lunchcritic,1445.0
alnikgul,1777.0
AmbartsumianTyhran,2519.0
mohammadkhattab,1335.0
iokiki,1460.0
Jukkele,1983.0
pilbge,1932.0
ab8128,1327.0
onegreypawn,2033.0
GKrymn,1682.0
ironman654,1497.0
Arcas9,746.0
Stanley1972,2196.0
GCV23,1406.0
osama230,1105.0
furqon1,1269.0
Qts,2363.0
hosein233,1668.0
nas66,1208.0
samsimba199,889.0
FabianMaxhera,1338.0
Napoleon2883,1300.0
BlakeTantrum,2554.0
DaGo24,2600.0
LucaGek,1571.0
akhilughade7494,1507.0
DonBee,1173.0
duncanmyer,1622.0
loborino,1188.0
ns_68,1520.0
MaxiGalaxi,894.0
sepid_58,1260.0
lihoffa,2327.0
straightpown,2202.0
MS-Dhanwin,1428.0
DruzhkovVN,947.0
Sulacy,1500.0
Lokeshswami,792.0
LarsUlrichTama,1365.0
Cooper6,2035.0
TrentAllgood,1827.0
SaquonBarkley26,2373.0
emakarov,1932.0
abdoelbetagy,974.0
Messsi2023,2496.0
PakiahLegend,1315.0
PadawanAsokaTano,2603.0
dragan961,2429.0
Piter237,1297.0
m123p123,1861.0
edwinZid,1408.0
arlYonok,2481.0
Dmorineau,1473.0
suratram,1169.0
Stinovo,1421.0
vrf4ever,2278.0
Ildar_Khaziiev,1377.0
shadow_strike,1303.0
hanti83,1383.0
jesselroy99,2616.0
rezeszamliy,2311.0
Dj0nf1,1005.0
JarJarBeers,2466.0
PabloMinda,2287.0
swarley72,1299.0
Ali_valizadeh,2565.0
Sebas_Xd12,1033.0
SworlakeCity,1385.0
gabrielmonchimanchas,2120.0
Pjanyi_ShMayster,1912.0
Dynamictroops,1974.0
fan_fheihung,2242.0
leoybkim,1426.0
SirNass,1243.0
wccrgaming2023,1670.0
Artem163111,2395.0
SnoozieDoes,1952.0
Satishswain,1248.0
vinijr77,2816.0
Ricardoski,2003.0
MichRum,2227.0
lerzel123,1020.0
AllGunsBlazing22,2603.0
theimeto,1946.0
Ayush_Ranjan819,1966.0
rsumitrout3,1351.0
Alirezaaaaaaa7,1453.0
harry06,1463.0
Morcus1963,2052.0
kitikita123,1598.0
TheRegista,1345.0
semipro623,1246.0
resiliente99,2801.0
Positional_player008,2120.0
SavvaVetokhin2009,2582.0
GardaGv2,1099.0
AntonTsaruyk,1303.0
danielithium,1500.0
Gabix94,2546.0
Kolmychkov,2141.0
abbasali1234,2186.0
Zero000001,1590.0
DjMaestro1983,660.0
StormingAngel,1720.0
Miss_Lizzy,1218.0
Ozuna1179,2155.0
djdkfkkfej,1500.0
Heart_of_Fire_Cat,2584.0
FelixHu,944.0
fristaylersmith,1140.0
Obedas,1197.0
coportov57,704.0
Josue_Daza,1406.0
prakhargosain,1975.0
M1h3l,2158.0
Ehaab_ramadan,2044.0
umang_king_2341,1353.0
pantvak,1830.0
Phuong14,2033.0
TolloT,2422.0
sasadj,2091.0
Aatu65536,2301.0
good6666,2008.0
LuuckyyLuke,1700.0
SlumpOnChess,1053.0
SpongeyDad,2238.0
Torry,1830.0
luispahissa,1670.0
Josipan_81,2516.0
jalavi,1256.0
kaomer,2148.0
sreeramg,1151.0
dArTalgnan,2043.0
joudi1000,1090.0
firebobnutting,1062.0
yur1010yur,1908.0
Cultureindustry,2456.0
QaungHyu,1455.0
paulinhosr,1263.0
Killumi95,1021.0
beachboy666,1502.0
Kapss009,1430.0
Ilias999,1369.0
Tomasz57,1830.0
Alzkun,1025.0
Terredorr,1506.0
ohsh8712,1500.0
Azim07,1455.0
AdamCollins,2548.0
Pgchess13,1429.0
w0b3g0n,1461.0
raviteja982000,1119.0
prospectuschess,2209.0
Shuak90,1468.0
Nasissimo2,1527.0
imperialxadrez1,1838.0
hapinok,1987.0
volshebnik_shrek,2490.0
Gatotkoco995,2304.0
hesh46,1812.0
julwado,1472.0
fujiwaratakumi1905,606.0
iliafza,1251.0
JHamberg,2001.0
DrBananaa,2336.0
dewey988,1383.0
Goraspi,1390.0
santyago_myr,760.0
sss6567,2297.0
visselrunner,1416.0
J_Pumba,1477.0
ADZAN_Bin_ACHMAD,1664.0
pasionxelchess,1838.0
Schpiller,2461.0
nunezhereje,2089.0
sardw,1327.0
hungzhao,2608.0
Casrem,516.0
Khiall_ccn,1486.0
mikhael10tal,2025.0
yoseph2013,2650.0
Magisterberg,2642.0
TBNR763,2357.0
Pawndercover,2434.0
ogbublik,1077.0
MMohitM,904.0
TheBarbaric,1438.0
Mumraaah,1196.0
ajjbrzrf,1512.0
maick82,2344.0
Metaru_sama,1456.0
rezoons,2192.0
sayanrath2013,1077.0
k_eops,1029.0
iyad2017,860.0
JustAmature,1446.0
chimeg,2039.0
thneed,1057.0
aloneinnthedark,1443.0
TrixR4Kidzzz,2459.0
Tal_is_amazing,2164.0
Magnetograf,1175.0
Chrissthiann,1247.0
iVoguer,1665.0
juanchope039,1268.0
Herkington,2216.0
ishan007,1461.0
CelticParadise,2011.0
Alejandro_T_2010,1320.0
cheburashka15,2783.0
Garris51,1451.0
adamiva5,2383.0
vinod-vms,1469.0
cristian_viera,2042.0
jcchess15,2328.0
Zhigalko_Sergei,2733.0
Alammonjur,2204.0
vanpel84,1332.0
TheBrainCrusher,2587.0
intolerante,2003.0
jamatta,1834.0
ayulebedev1983,1753.0
nouardbdb,1261.0
karesz1h,1268.0
JELLINEK,1996.0
meisamf,1345.0
pichibart,552.0
Kamil51,2059.0
Ricardo420,1975.0
pratik88,1136.0
Itsmeanpete,1957.0
msb2,2735.0
Plmlgs99,2571.0
L-antonio,1664.0
chevalierdemalte,829.0
Jenkovich,2651.0
misswittychess,2394.0
Fred_Fertig_64,2455.0
Villi71,1364.0
hbas4530,1240.0
joaocustdiao,1448.0
Shivansh161012,1307.0
Patralgan,2114.0
Daniyal_Rysaev,2520.0
BNK2020,2796.0
Andreykakis,2214.0
immlittimmortal,2292.0
jozarov,2485.0
NidzaJabuka,1895.0
Henry_Leon,2110.0
Avoerna08,2263.0
Deepak009945,1278.0
GospodinPJ,2318.0
imee01,925.0
charlye87,1511.0
Sallaia,1082.0
Zulu100man,1090.0
rhysmadden,1065.0
dimkor,2578.0
whiteyvisage,1415.0
shapiemdisa,843.0
ayman715,2239.0
welo47,1328.0
SachinPundge,1073.0
MaksimDauengauer,1037.0
JeremLS,515.0
Yugee2007,1500.0
Zub0103,1193.0
francescomase,987.0
danibucha,1390.0
Kangcfa,2145.0
OpferOpferMatt,2127.0
NeoBchik,1145.0
pmo2004,2334.0
bulli212,1975.0
AAVV2,1060.0
Dr_Ertel,1709.0
Amogh_Bhat,1515.0
toinfinityandbeyond1,1156.0
sdn2023,1798.0
bloodymariel,2023.0
Ahmd19,1145.0
Fhjull86,1749.0
twoWayJose,1035.0
Soham0705,2730.0
ich-selbst,1018.0
entuhro,1360.0
Tokoy,2126.0
B_moradi,2345.0
adask10,2701.0
Cresswell,2677.0
hossein_babaee,2635.0
MVK-RV,1446.0
shindebhushan15,1381.0
Saidjon123,2231.0
Tazmanian_devil,2152.0
ManJeena,1081.0
torvalde,1090.0
Xaratech,1378.0
IsabelleGusse_07,1043.0
Chayka,2252.0
BIYMURZA2012,1237.0
ReChesster,1380.0
Fighter89,2617.0
APKnight_ADN22,2025.0
Jacob8111,1385.0
Babi_nou,1866.0
Abdallahmogahed111,1480.0
saeedking1,2361.0
El_maestro04,1138.0
Dany_chess,1343.0
rakhat2007,2288.0
Et_chic_et_mat,1777.0
chmnm,1976.0
Prajeet1,1086.0
ozuguzel42,1400.0
Luisetepelaez,1137.0
ShivaNataraja,1976.0
tapiojulkunen,2017.0
LV-230,2255.0
BertramicAttack,2349.0
Ryuzakira333,1500.0
riga2024,2547.0
flashka,2475.0
iamchrisjhon,1167.0
katemee,1087.0
priyanshx16,1799.0
GrindHard,2323.0
pawl_s,1455.0
Stonedzone,1245.0
The_Chess_Manatee,900.0
batman_8,1018.0
Kisa322,2476.0
DatAndy,1410.0
petrovich_gm,2643.0
rhb24,1072.0
SerHio1963,2567.0
Babakjf,1292.0
Peace_Mover23,1365.0
HuseyinEsat,860.0
Alexandr19801980,1371.0
Heribert231,895.0
paneiros,1758.0
Starbox2010,2680.0
marzouqchowdhury,2350.0
Abhinav_Mudgal,1904.0
fottur,2630.0
hamidebh001,2569.0
Vikor0297,1104.0
u_riyaraj,928.0
Delfo2020,1800.0
Abbaz12,2256.0
Jumasi,1106.0
ady53,1920.0
Min02,847.0
callofdeath,2429.0
tungaa202104,1392.0
iamking123,2201.0
mihhak,1906.0
USD60000,849.0
dobremoj,1940.0
durckm,1500.0
ZhohoFF,2661.0
Denona23,1939.0
Nikolay2811,1142.0
Ferpiana2,2013.0
MiyamotoMusashi-CAJA,2256.0
Ernest0-0,564.0
ledinavelosipede,2707.0
merciless_ant,2259.0
Arkhipenko_Daniil,2396.0
KOTbKA,2535.0
MrSOK,2653.0
Night-King11,1855.0
stormbinger7007,1159.0
maxxie225,947.0
Attila76,2587.0
Zinner_Override,2625.0
aaryan_varshney,2594.0
AnnelizzeRademacher,1179.0
seitroppoforte,1424.0
DECIMU,2584.0
papaocah,1350.0
damau6,1415.0
M07m4d,1251.0
staufenberger,1006.0
midhat59,2174.0
hotelero,2283.0
Tamrik2,2305.0
okCool123,1917.0
adharma,1446.0
AitbekM,1050.0
Sawka322,2180.0
ProsperSM,1668.0
civeron,1498.0
ovi737,1165.0
Cranmobbed,2462.0
SugarMagnolia,2470.0
shabaudda,2033.0
serjiokos,1500.0
FakeMaster141929,2003.0
k-mikey,2321.0
texi2,2069.0
gao239,1528.0
fathy2004,1324.0
Puss_X7,2184.0
yxatuko,2393.0
hibiscus1360,1536.0
ManoelSinval,862.0
Gville,1188.0
assassineclipse,1413.0
dudafanboy,2257.0
JoshHolz,1842.0
lestri,2618.0
S1ptex,955.0
spencerguwop,1130.0
ZtracenyPripad,1665.0
Lep_Cantillas,1367.0
xn1lem3x2024,2307.0
ALEXT111,1364.0
yolier,855.0
kafulakanchi,1274.0
Sergey_TR2022,2471.0
Krixsus10,1360.0
PrisonBreak_Michael,2382.0
jieltmcommeta,2569.0
Chu-do,2552.0
RustyBuoy,1399.0
davmaham,2075.0
dtjr63,1099.0
Sparta75,2579.0
Gregchessness,1147.0
omar_abuyounis1994,995.0
noahschn,1270.0
Gregory_Tonian,1381.0
j12segal,1920.0
Engo_Genco,993.0
fenixM,1986.0
Mulan_GT,1255.0
howmuchisthefish2025,2356.0
TheChessPrince,2434.0
viraatchess2009,1453.0
Mind_Gamer66,1382.0
Corre_por_tu_vida,2671.0
legbreakgoogly,2238.0
Tchoupiiii,2374.0
agus_sbg99,1973.0
alyurm,1539.0
dayageek,1500.0
vestalia5,764.0
drop_stone,2799.0
HIMARS_M142,2393.0
FredrikStrand,1674.0
ImpressiveTheory,2207.0
Ikki68,2050.0
ECHINOCEREUS,1815.0
Mikhail_Peres,1817.0
kingkongkang5,954.0
enitpenima,2168.0
khinmaungkyaw,1029.0
alienvspredator,1190.0
boyjay,1018.0
baturiko,1362.0
Gigito26,524.0
Mightyms,2461.0
mina7177,998.0
Pirschei,1464.0
Loklokley,1637.0
OrujoFlojete,2476.0
UncleGary63,1095.0
XocasLT,2494.0
DavidRosenkoetter,931.0
kiraa28,1264.0
filfern,1664.0
rmeysaa,556.0
KlubMate,1650.0
Andrew_AK,1400.0
tromi,1260.0
Javicho619,1804.0
MartinLorenzini,
carmona1956,1814.0
Derbeian,2363.0
ValeraTula,1795.0
Shamplex,876.0
gemmita22,642.0
andryzhun,1375.0
TusharBachchan,905.0
sgen,1717.0
Zaven_ChessMood,2728.0
abasrazani,1440.0
OlegSokolov67,1395.0
Dfsfsadsadsdas,995.0
Dugin_Sergey,2388.0
ivanraguz97,1928.0
IEGAD,1591.0
Tarek-Shaban,1456.0
Rezak666,1802.0
MySnakeDoc,2178.0
deniskhevrolin,1374.0
Drachenvariante,2130.0
abdotammam,1358.0
Pavlzerg,1279.0
deepak20002,2292.0
babirom77,1016.0
armangarip,1443.0
akiba66,2022.0
edoardo920,1918.0
Papolabestia123,2635.0
Iwantogotoswizerland,2486.0
RikhilEmmanuel2019,1879.0
WorldChessMaster24,2588.0
j2dindia,2350.0
sindy_24,2037.0
Milky-WayTM,2351.0
MCSE69,2503.0
Kikkertje9,2108.0
bohemond_1,1926.0
das99,1442.0
Inspiregod,1274.0
Pakkasukko,1877.0
Arkadiy200000,2709.0
rahimbi,1546.0
ODRA-3RBI,836.0
Hamid_e,1097.0
Zhongguo_Haijun,2230.0
stregobauer,1475.0
LucaChess97,1358.0
Aswin_Jagz,1402.0
yasinates3424,1245.0
nainameloc,967.0
HailToTheThief1,1984.0
Bigsneezy,1433.0
Prochesskaan,593.0
Inky78,1139.0
anton_roienko,1731.0
Vaibhav26104,1405.0
otakkanan,965.0
thea-22,776.0
ULtRaCHeSsBlaDer2011,2061.0
OekoBauer,1960.0
vizumatv4hoda,2609.0
Keyra_la_unica,1962.0
Fthgk,1387.0
Kama_17,1964.0
Michalson532,1407.0
nader48,1406.0
TTandT,1330.0
arjunraman,2270.0
veguetadbs11,2366.0
firezice,925.0
pro250399,636.0
SreekantaDas,1221.0
wthimerht,1610.0
weak3333,869.0
PavelVinogradov,944.0
karokan7755,2447.0
The_Bodyguard,1899.0
Anmaster,1375.0
ishaankrishnaccs,737.0
adcolat,1218.0
Ludovk,1468.0
HistoryTry,1225.0
musadlane,2598.0
TanitoluwaAps116,2789.0
Alon7429,2788.0
maksym_makarychev,1301.0
fredy_mar_aqp,1392.0
slave_of_the_chess,1342.0
aki63,1370.0
DrMSAS,2454.0
Blessings03,1234.0
LUFFFFFFFY,953.0
JaredFrance,1369.0
Alex19821986,945.0
soylusahra52,1020.0
voronk,1678.0
raphaelk1,1819.0
davdomin,1500.0
Marsicanac,2137.0
joseantoniosp,1546.0
Ertsd,1358.0
IgnacioFS00,1469.0
Chestolo,718.0
Ompa_puk,1525.0
pratapraju,1118.0
albertogs,2399.0
Dondoctor,2370.0
Elieso94,809.0
psvkampioenen,1235.0
Grukjr,2626.0
hetwehewrhtweht,1500.0
rdinc,1698.0
youssef334,1027.0
SeaHorseDad,1220.0
vIbHu11,2456.0
jkaRUSSIA,2541.0
novi4ek1903,1124.0
fast-tsunami,2429.0
olegan32,1985.0
FerrariJr,1014.0
Grozzzlybear,2297.0
Skakthor,2459.0
sampathj,1519.0
KopysovV,1932.0
Hvitrev,1257.0
royinin,585.0
q49q,1500.0
Frostwrath,2373.0
Despair_Captain,2625.0
GK1963,2766.0
Milliyetci87,993.0
nevergettingtitle,1992.0
fischer1992reborn,2295.0
Lissali,1875.0
Vatnos,2316.0
NzTterSchit,2300.0
naive_knight,1192.0
bazar-wokzal,2512.0
kittyblum,1045.0
rjrahuljain1210,1094.0
ntpc511,1626.0
Punnnnisher,846.0
Emeriithus,2218.0
Cavalfab,1457.0
AlejandroPinglo,1502.0
VardanSrivastava,2005.0
rapid_chalanger,2312.0
Santi-LaPlata,1463.0
LifeOfRyan,2410.0
GrafKvonderG,2345.0
gallofa00,1636.0
hsay2020,1438.0
Doqangunes,1416.0
JustARetiredPlayer,2708.0
xxMichalxx,1035.0
fatosalpslan,1367.0
lime_ee,1154.0
Nebonik,2451.0
Scuffia,1327.0
MDR27,2100.0
vfrcbv1234509,2187.0
gurselynlmz,1391.0
Relaxela,1260.0
Dreamweaver96,1542.0
GoingDownSouth,1962.0
Edu1979,1060.0
shrenik_kinu,1688.0
Darknessbottle,1510.0
Ajmcm,1362.0
sandeep-khatri,1565.0
kelikeliii,1030.0
MonkeyLonky,2064.0
daddystrength,2405.0
Galatians2verse20,2337.0
Tuvshin75,1411.0
sasha_frolov,2141.0
Javprisone598,2300.0
Hurricaneforce,2578.0
tonycount,1754.0
changmin1456,1500.0
Rex65788,2422.0
jokern56,2225.0
hernan271,1467.0
HomeAp,2543.0
urbion,1961.0
nicolus,1544.0
MAKCIM2016,750.0
JonRidout,1777.0
chess4ever1410,2473.0
ruben9503,1358.0
luckyoscuro,2121.0
Bjorn2468,1128.0
planic13,2205.0
Litseralex,1973.0
lary77,2019.0
doberman_333,2581.0
cRsregeLt,922.0
vovauroio,2451.0
Stephen8386,1094.0
membongak,1500.0
Juribiver,1454.0
yf95,2068.0
DawitGN,1500.0
lavictoriavenezuela,2454.0
Conrad_123,1709.0
aldgate,2314.0
soultravel,1807.0
OffCore,1296.0
Menald,1150.0
OlmosG,1836.0
Acctus,1355.0
Senilonori,1053.0
nika_HB,1456.0
moncef-1978,1374.0
IsmaJS,1004.0
Taladan,2475.0
IamHocks,1803.0
supercheckmateguy,888.0
partho751,1687.0
Prosvirnov_Sergei,2451.0
Pampen,2445.0
noe123456789,1431.0
Gertrude_Weichsel,2610.0
Ferrari011,2531.0
jasithchess2021,1482.0
Brocardotorres,1932.0
Al_Ivanov1987,2007.0
MRAshishKulkarni16,1267.0
USSR3,2217.0
aimeesuzy,411.0
Zalim007,1874.0
not_a_fish,1075.0
Ranjan_Rohit,1506.0
decotunisia,1836.0
MVM7,1302.0
rittersport29,2327.0
Bbpro1979,2053.0
Lamelle2021,1881.0
Ali_sol,1983.0
janjipaese,1378.0
Rudrachess08,1890.0
Luthorien,1669.0
blitzermat,1896.0
The_main_event003,2744.0
sherif8888,1138.0
Lehmimann,1488.0
Geydarov,2237.0
roggers1961,1009.0
gameoftage,2411.0
Coopdaddyusa,640.0
GeNer4tion_KiLL,2775.0
Raff0ne,1115.0
Slushzz,2113.0
slar66,1866.0
PockeTiger,1025.0
redwingschess,2232.0
Tabook,1906.0
baa61,1217.0
MateoRB2015,1860.0
aTeeKSH,1936.0
Chesspattern_on_IG,2527.0
Leviathan64,2643.0
zhtemr,1374.0
Spidertor,1117.0
SorceressFern3,2166.0
Oldern,1528.0
FoxyFace,2354.0
rootEnginear,1193.0
Al021287,1415.0
SKVO3N9IK,994.0
osmankoka,2284.0
Unmillondejaques,2544.0
sreejithozone,1143.0
ISensoI,1092.0
NastyGunz,970.0
waffles_06,2380.0
PAKETOV99,1173.0
aruina2,2456.0
Sergundzja,1529.0
HasanKastraveci,2407.0
vad0112,1112.0
ismailykp,1272.0
ArcherSagi84,1458.0
Ralu73,1878.0
KingSlayer1080,2345.0
Tscheschler,2180.0
Sonata6,1409.0
AKalavera,925.0
Mr2weak2slow,2491.0
Nakoigrac,2220.0
Menefrath,2038.0
adskoe_terpenie,2248.0
KVANT-17,1825.0
maxjr0,1501.0
vga79,2303.0
Alepcastle,1376.0
fairplay1987,2461.0
lovedh,2019.0
Alazharyhero,1408.0
jess28260516,1671.0
michaelford,1884.0
damithk,2452.0
Karmann58,826.0
sekvr88,2184.0
sibo23,1843.0
Meddard,2168.0
mared2,2341.0
DSCostel,1845.0
NkNiner,2493.0
ibrahimakarr,1325.0
duongnhi79b,2422.0
AlfonsoMont,1604.0
LIMBA_AM,1046.0
EducatedGator,1222.0
rystem_87,1402.0
N_G2001,1109.0
reza678,2275.0
NotComplicated,2092.0
cuantum_1,1898.0
rain2000,2421.0
Ichesslife,1877.0
Likhith_gs,1196.0
BVB1908,2816.0
Novik89,2389.0
vbizon,1662.0
Paptya,614.0
mdqmichael,984.0
popgergesramzy,2176.0
AhmxdKhalxd,1081.0
mkeh,1855.0
sljwe111,1367.0
viniciustrindade,1205.0
Christoporus_N,1215.0
Dad7261,1052.0
Infinite-Diversity,1425.0
Revolt_of_the_noobs,1728.0
WaZOwski22,744.0
behrad98,2441.0
Fluke180,2435.0
Kiaan_007,892.0
tvit75,1472.0
mattoallaterza,1854.0
bazanova,1151.0
DanGlz,1800.0
alireza_1399,1166.0
Addybotty,1613.0
Nick210377,2537.0
Hunterrun,2416.0
subhub,1868.0
Sasha312,1360.0
ralebaner,2463.0
Eric-SK-Schwandorf,2327.0
Rubik87,2307.0
ItsNoodleNotPasta,1502.0
McScrodski,1500.0
rxdxvdl,912.0
JevaisgagnerCarlos,862.0
emersoncito,1347.0
AlexFive,1310.0
Behmen_Abdulov,1174.0
TonyCheese,1146.0
eilonreshef,1838.0
landy887,2590.0
Anesov_Vyacheslav,1909.0
FRIKANDELBROODJE_122,964.0
foremangeor,2486.0
Crystal2006,2256.0
General_Ironwood,2162.0
Bakugan123,1498.0
alexerey,913.0
mike121983,753.0
Hartur224,2328.0
Scarls,2025.0
gammagramma,2678.0
JocosoN,2388.0
Amir6284,1841.0
IRunUgly,1500.0
jorgemussaffichami,1943.0
WernerTimo,2362.0
acomarkovic,1624.0
kolomeister,851.0
stubbornyogi,1183.0
GUALDRON,1058.0
KZangar2020,1500.0
Samsharav,1255.0
chessmaster2006,2754.0
Darul_Fawwaz,1310.0
Belenov_Dmitry,2414.0
Odirovski,2531.0
ErichVonJr,2329.0
Prophylaxis_3301,1970.0
ItalyMaster,2413.0
smiledash,2296.0
jamiva606,722.0
User12345790,1494.0
bmharvey,1173.0
ProfessorX-man,2005.0
Superfm1,2640.0
Self_Proclaimed_GM,2131.0
ahmedsonosyyy,1926.0
Ssj3,2018.0
zloyal,1878.0
Rahmount,1655.0
IyoguroTomasolo,1386.0
LUCIFER777x,1056.0
MrChecky27,1224.0
poco1,949.0
JoliyRoger,2490.0
pcanelon,2281.0
hyde7it,1469.0
pujardeepak,1584.0
RapidFM,2558.0
kurttcobainn,1286.0
BaliTime,1691.0
Gran_panda,2212.0
Ajicp,1394.0
RoniPaavilainen,1183.0
h9sam,1376.0
Toilet_Seat_Chess,2351.0
rosdianapungki,1353.0
regisbourjiac,1488.0
YoungDruid,2322.0
OliveriBulgari,1584.0
illegal_soul,1442.0
Cianten,1460.0
LuanLuiz,1117.0
Avishi160212,766.0
sourabhab7,1960.0
Elysium5,1095.0
tonosevi,1984.0
Nguyenhuyduc20182434,1170.0
funtorpikus,1169.0
pawnhubdotedu,1246.0
OmarMXE,1070.0
hexman813,927.0
drakejiang10,1652.0
shura-H,2482.0
wiliam21,1173.0
klowin23,2358.0
MyStudiesAccount,2635.0
Dzon_Vejn,2453.0
Cannonbird,931.0
Empireme,1395.0
tascisatranc,2500.0
bsmail,2454.0
fderivative1,2200.0
msh925,1879.0
ilya_ivantsov,1037.0
domore,2577.0
Erossem,1281.0
giuliocatinella,1266.0
Heiserberg-Kaz,2421.0
Sinerkin,1235.0
DJTILLU,2417.0
Torfnase,1773.0
fullpott,1478.0
FEN59,1823.0
MRtareqFa,2254.0
ByAz6,921.0
gorecki3,
Nfattakhov2001,1173.0
leekenshi,818.0
KingArmand,938.0
pourya1387,1330.0
mrSWoOBS,1823.0
StarFunKull,905.0
BadMoves51,1449.0
Mostiska47,1196.0
ART_V_G,1471.0
Nagpriya,1244.0
chess_wizard3000,2455.0
JJGoodIdea,2682.0
Perez5,1118.0
Blunderful44,1907.0
Bisclavret1993,2267.0
StarOfFireCatStorm15,2323.0
iker2013GG,1500.0
Lone-Wolf,1339.0
speedstar19,2394.0
Strange_people,2009.0
AlexD64,2601.0
tahirqkhan,1891.0
PekkaM,1509.0
rrem,1413.0
DenizArel62,1500.0
trstenicanin,1877.0
Spiderodisha,1505.0
Matias_Quijano,1118.0
Dredziarz,1452.0
DEIUYWUIWY,1114.0
begemotika,1704.0
halfprice,2460.0
auhmm,1103.0
Valentin_59,1910.0
Terceiraidade,1333.0
Newlevel462,2269.0
KineticKing,2304.0
suhang1993,1188.0
kingotto0106,2001.0
PierPaolo1963,1225.0
Joker849,795.0
medievil,1719.0
Urre,2036.0
Rolfclarion,1002.0
Heri72,2434.0
stefbesbar,1408.0
HarryHaller1,918.0
eco48ru,1368.0
MKaladinStormblessed,1058.0
InvincibleCheckk,2245.0
Saperda_carcharias,1169.0
Tierra_Del_Fuego,2379.0
StanislasBE,2071.0
Pijotrek,2391.0
Jorgeluislavao,1346.0
Han2122,1500.0
PERFORMER43,2520.0
VictorRodinovich54,1414.0
tornado2023,2421.0
CiasnaMarietta69,1636.0
De_Maracay,1895.0
Wtc111,1500.0
Sfuli,818.0
peltor,2090.0
DmSh26,2202.0
edneicorrea,949.0
magentamango,2404.0
amine84,1454.0
heavydime,853.0
royer1,2441.0
JOO557,1604.0
Shourya_Tare,946.0
tempodrone,1645.0
gmchess100,2197.0
arda200571,1868.0
jmartin21,1902.0
MehdiTayebi1352,1903.0
Ophelia074,1601.0
bikehelmet,1266.0
mandhiri05,1322.0
lIlIllllIllllIII,2412.0
Nabin12,1937.0
MeneerMandje,2605.0
martindale,1249.0
Bisha777,2083.0
simochess7,783.0
EduCL2,2273.0
razvanivascu,1240.0
snowwpi,909.0
ndrekabashi,1384.0
LaYucaReyChess,2425.0
thisgameissohard,1439.0
abdelghanimastouri,1205.0
Atavatansever,1567.0
Flixbuser,1116.0
polk-2020,2013.0
Kamiliccccc,1379.0
Schorsch41,1851.0
JAV13R_5OL15,1658.0
Ultraman2,1874.0
Escandinavo2,1744.0
MarkoKarol,1978.0
Varun2001,1236.0
Stevehola,1515.0
Zakyska,1290.0
unnamedjawn,1720.0
hgreenberg,1905.0
unknowniannn,1269.0
Aprenderdenuevo,2403.0
Kolesnikov_Viktor,2034.0
saraban66,1975.0
SonJay2609,1959.0
veneteanuc,2353.0
EGOR_400,1678.0
JustForFun28,1170.0
isolatedpawn13,2200.0
Bierpaul,2228.0
Nudelband,2300.0
Mandrows,1264.0
valerar22,1444.0
Strenzo,966.0
Der_Kuchenmann,1747.0
NeVyacheslav,1329.0
Moriarty333333,1092.0
Isofix,1902.0
Hulk-10,2476.0
SMIGOEL,1445.0
ssturkg,1300.0
Canerbaycan41,1141.0
H3chiz3n,2253.0
Mr-ZeQ,1910.0
Sacrificial_land,1969.0
Krank00,1244.0
aruran,2347.0
jdwong58,2462.0
davasam,1885.0
adrianlqq,1468.0
ferhat_atbas36,799.0
chesscoach-20,2409.0
crazycrazycrazycrazy,1168.0
ikinat,2561.0
abhishek_2312,1903.0
Ulysses999,1210.0
JeffreyJimenez22,2195.0
wraithmaster,1191.0
literallywho,1934.0
Jazzyjef,2607.0
S_boviri,986.0
komodothedragon,2021.0
Platzierung,2504.0
amanshivi0102,908.0
aoufU,1940.0
sicki,2329.0
i_n_kennedy,1518.0
Dioksis,1412.0
Honest_1976,2332.0
Strelkov_Andrew,1640.0
hiem1212,1214.0
BavarianLion1974,815.0
i1i1i1i1i1i1i1i,975.0
schaakam,2627.0
ryuga133,1297.0
CenationTaker,
frdeswaq,1238.0
Narsil737,1212.0
MOZZ,1012.0
GKANSK,2507.0
Rowkir,1370.0
Afra_asadi2012,660.0
Dr_DarkNightVader,2398.0
Anon_ym_ous,2702.0
Karafani,1409.0
mikeeeNd,1428.0
VassilDimitrov,2240.0
Krishnaarora1586,1434.0
crockett51,1123.0
Thirdnight,1914.0
Za-Ru-Ba,1904.0
Continental_77,2446.0
pulchrum,1281.0
Yamete456,1905.0
TheBroskey,1262.0
Joseph_Bodino,2108.0
Jamacuco2024,1461.0
Kasparov1096,2329.0
gaaravhinz,1368.0
farshid_m,1503.0
fitz321,1500.0
queensgambitdecline,468.0
Vishwa_2013,1686.0
bineinfettesmammut,1230.0
NitinSaini27,2184.0
mantza,1407.0
LDOCaoSang1973,2532.0
goat-sama,1029.0
baulitar,2231.0
FloatingFluffly,1300.0
S2rob,1759.0
kristya24681,2084.0
keesofazant,1292.0
toivok3,2749.0
IvannKulikov,1090.0
Omethkithnuka,761.0
mutdpro,2769.0
spiritualwarrior,1500.0
RatmirKreon,1144.0
musa2104,1251.0
Dgita35492,2423.0
Bogloo,2392.0
raj8262,1000.0
maximkazakov,1294.0
chupaachuper,1375.0
mumin11,1627.0
KingAnto,608.0
Keelgara,2421.0
JoeyLIM2015,1093.0
Chessanonymous1,2465.0
babilon_eusebio,2275.0
KarlOz_AlexandroS,1734.0
SamaraNovichok,959.0
zabey5,1473.0
squar3D64,1735.0
UnderpromotionK,1753.0
datamorg,1471.0
Razvanicius,1966.0
Alexiy111,1385.0
Amitrano,1500.0
Kiravik,1438.0
manfroi-alexander,2309.0
AlxSub,1500.0
Schaffhauserplatz,2288.0
Odikasigbue,2215.0
PawnByDesign,1875.0
CasheW29,2570.0
Nayana1000,1374.0
Ak_143,1383.0
quinnjerman,857.0
chesscrown1557,2421.0
alfilnegrox1,2240.0
gmfercho,1907.0
ozkanbozzzz,1401.0
Nikolai_1957-1954,1830.0
Jose_Luisx,1254.0
soumashis,1303.0
aryamannkid,2470.0
JayantChouhan,1794.0
Anna_Khrebtenko,1189.0
xx13131313,2250.0
Fatih4722,817.0
the7tig3r,1626.0
water-witch,2012.0
nessie022,1731.0
Ruminor13,2406.0
MityshevS,2382.0
PK1606,1322.0
dmsea,1857.0
HandsomeCentury,1175.0
Mohamadmanar1992,1718.0
Amiiiiiiiirrrrrrrr,1233.0
mehmet488,1388.0
A3a4em,1281.0
RookHunter,1855.0
ghasemialief,2049.0
Jkjkjp,1100.0
PepedeHuelva,891.0
Mannynoir,1107.0
lobolove2024,1910.0
Yvonne68,1238.0
Like2Learn,1948.0
radon2012,1331.0
Objectif_trop_fort,2161.0
bja555,2486.0
EstoFidelis,979.0
PalaciosLlF,2449.0
Oleksandr_11,2294.0
Dare_Mage,2081.0
renzorl98,1804.0
tonystark696969,1370.0
jhailesx,1685.0
musito2001,1487.0
Willyzi,1220.0
UcanTosbaga,1733.0
El_Precisione,2513.0
Ekvip,2438.0
haggytheman,1172.0
Youssef_Emad,2412.0
AprendizJesus,1174.0
shr2kor,986.0
MQMartin,1500.0
Barkinhiev_Ahmed,1239.0
amirmoro,1218.0
gousia786,804.0
Kazlaft-Bublock,1341.0
MarathonGo2700,2607.0
nightfall1941,2354.0
TopRamenUSA,2004.0
nakajuma,1419.0
Rettcar,1266.0
Oceanblue32,1245.0
hiammagii,1110.0
Turolman,1500.0
nOOb_2-O,1414.0
oriad,1450.0
MarcosMiguel2012,1099.0
hadesin,2379.0
SuyudSPt,1353.0
rss3398,1214.0
Mariwombat,789.0
Damarin86,1321.0
lokival,1854.0
Mickey1918,1854.0
stlbucket,1896.0
Asilmirjen,1080.0
ChessPlayerUSSR,2228.0
Alphavite,1797.0
trompsk,2370.0
SarkarRajAS,1125.0
Choc-Mint-Chip,2580.0
Anastasia_wa,1339.0
wezisendama,1224.0
Mavi_Alpha,2580.0
SaSeg,2487.0
Dynastyyyy3323,1511.0
spielbrecher,1814.0
crazydiamond88,1802.0
Mujer21,1176.0
Yazan_Alqadi,1619.0
colochorompealmoadas,2060.0
Saltanunc,1438.0
arvind01,1362.0
Mr3berk4,1596.0
warrik2,1156.0
C2H5OH3,2376.0
A972,1176.0
jotawatt,1638.0
Den1970Den1970,1500.0
SiusBunga,2237.0
amarjith2,945.0
ThePlagueDoctor01,2223.0
trollbobbi,1456.0
secretaccounthabibi,2639.0
malamarea,1223.0
rednivrug15,1585.0
nikmal_ft,1408.0
TarasDina,749.0
mf_pizz,1314.0
MartInPlus2,2397.0
DipDen,1189.0
john2025,954.0
Mazhad,1047.0
shahram1928,1405.0
a-t-5,1343.0
lelicman,1500.0
camenj,2026.0
budderl,1864.0
uglygram,1202.0
CK_1886,2369.0
r2d2w2,2252.0
Denis280110,2214.0
flanta,910.0
capy_chess777,1413.0
shuuichitoicho,1091.0
Magnus40,1838.0
Batu48,1184.0
Javpine597,2251.0
VoroninNikita,2058.0
RaphaelTraining1,1554.0
Tanuj_purswani,1113.0
Amuuu,2041.0
TimAstier,2260.0
Oginbogin,1049.0
Chip113,1435.0
yagizegecelep,673.0
resolute-rook,1382.0
DIBO,2220.0
poseidon2121,2081.0
Punno22,1400.0
Toprotroja,1500.0
MarkG514,967.0
a74bh,1252.0
jack_be_nimble,1447.0
betoi31,2305.0
sapphire_phoenix,2768.0
NISMEC,869.0
NothinghamLace,1479.0
ignatiushorreili,2252.0
Mudrovfedor,2292.0
sathism,1029.0
kiarashf1989,883.0
sergeititkov,2247.0
Tiopujio,1968.0
Renatobaca,1875.0
Kolonel007,1035.0
TommoX,1075.0
ereid07,953.0
DEBAPRABHO,2269.0
Krivitskiy_Aleksandr,2382.0
pvapva,1909.0
miki_train,2605.0
Carey59,1552.0
HUGOS01,1392.0
Doctor_check_99,2604.0
yuri_9090,1460.0
Lanc39,2054.0
soupdoyou,1476.0
zamboni-69,1940.0
the_amirhossein,975.0
Movaro,1104.0
Gabrielguerrero1,1080.0
Nikolay29rus,1197.0
quentin87,1802.0
BertiJones,1522.0
DRD2024,1271.0
SuperLoop,2541.0
TarekElhanafy,1050.0
emirchess7,1367.0
petergo,2448.0
burekmentolov,1470.0
Pranjul96,1815.0
hanc26,1164.0
Morrelo,2351.0
jeromeovich,2580.0
robychess,2528.0
bonaventure23,1398.0
AV_Zikov5262,1684.0
Favas123,1202.0
Socioaldeano,1074.0
reapingrook,1852.0
zahidenevval,1432.0
tashkentka,2115.0
mahmoud_abdellatif,1059.0
astute1982,2270.0
GoodChessPlayer3,2111.0
TRafil291,2105.0
BiblerKlewin,2498.0
Tima1939,753.0
ChinmayShibuKumar,1785.0
Ioveeelyyy,1672.0
Kamikaze0w0,1032.0
Ahmedoo542,1400.0
Egor_Vladimirovich,2504.0
nezaras2000,1911.0
abchess1307,
DemonDegroit,1250.0
Kjetil_Lie80,2655.0
relet,1290.0
Jugadordebil,2396.0
EljuanGG,1387.0
Ahmedebrahim2,1169.0
Invitari,1074.0
Bardyk01,2686.0
royzmanalex,1942.0
JayPi4c,1571.0
Gibbous64,1888.0
larolarolang,2257.0
mikhailtal20100,2452.0
amigo-sa,2361.0
Hpsk,1840.0
dactin,722.0
renzonx,1018.0
MaloR,1527.0
Shahed1448,1099.0
hamsini1,1012.0
bored_billionaire,1482.0
blackwood87,1227.0
kwatov,2413.0
Sedoi-1963,2022.0
nigtking,1429.0
Vadim1935,2024.0
GeorgeSteiner,1919.0
ajcortez,1366.0
ASHOKSAWNA,1124.0
jacobk17,2298.0
swguynos,950.0
Karteus,2366.0
Jedoneration,1834.0
Blunderboy64,1777.0
jatin16yo,868.0
Sarpeed,1126.0
pphani,1455.0
dryabchuk,1529.0
Gargarrag,1218.0
Daskevich,2641.0
Natsonj,1024.0
Arabidopsisthaliana,1381.0
beliviski,1842.0
Andriy2006,2604.0
gefuehlter_FM,2802.0
Nemfertritr,938.0
aldjlad,1826.0
darlinchess,2007.0
Adjustor,2146.0
kaminskil,1381.0
StephenWilly,2628.0
YACKAL,2412.0
Kawaski,1427.0
juliuszaesi,1889.0
ethanrachel,1381.0
Coman_Nutu,1374.0
mepardoc,764.0
chess_for_real,2646.0
matteoferdinando63,1505.0
nacho1412,1713.0
Koanoz,1222.0
StochasticVolatility,2469.0
Carlsen13,1340.0
Habichuela,2521.0
Mustapekka,1560.0
RadosCal,2504.0
amirhossin1380,1676.0
ph74150,1197.0
Rommel_Sismo-An_06,2308.0
GoblinSS,2176.0
Skycrek,2000.0
Winquitter,2454.0
CalvinKlein,2302.0
aaronagp20,2049.0
mahmoud_hossam001,707.0
mahyoong,1365.0
gomelbel,2555.0
Ahmedfathi1958,1399.0
awsed9986,1186.0
Hyuudoro,1942.0
Qbomb5,907.0
quiendice75,1712.0
novak9,1475.0
adpinto93,1865.0
Cat_down,1371.0
gatots,1318.0
Yuriplay,1450.0
CAMOKAT,1419.0
PVZ1971,2336.0
momot74,1400.0
Oleg_Vereshchagin_49,2137.0
Raciborz-dzistek,1357.0
Rehan-khan5146,1326.0
ZeRevenanT,2337.0
Iluminaze,1964.0
Zmey90,1927.0
jv197,2416.0
stod,1671.0
AHoffman,2523.0
guibussadori,1203.0
Mubus42,1325.0
MistDragon525,945.0
Mohieeeldab3,2062.0
catalinmihaila,1465.0
maherhshas,1394.0
Mordeus,2128.0
Maximov33,1880.0
bhav05,1720.0
Temps799,699.0
Anapher,2367.0
jromeroh,1251.0
Mashul,1765.0
Lamatal,2398.0
Kanigia,1856.0
SacSacSacSacMate,2281.0
drunk_frank,1444.0
Almat06,1195.0
depaz17,2169.0
KyleRobertson,1515.0
ed007007,691.0
edward121995,1357.0
kaye86,1338.0
ChesterGuy,1411.0
uragon2018,2044.0
weekendwoodpusher,1733.0
Devil293,2595.0
Polfunus,912.0
UnknownM8,2581.0
Poltergeist_hwx,1272.0
Jjdu56,2525.0
ManGoka,2250.0
RAJNEESH_2800,1500.0
david11234,1497.0
Kingjo81,1893.0
arnehjain,1411.0
TheBenkoKid,2420.0
Smauge44,1540.0
Mike511,1905.0
yourcher,2304.0
alsterkalle,1863.0
Mirzad_786,1500.0
MessatsuX,1493.0
enk1500,1500.0
Hodenklopfer,1181.0
TheMonalisa67,2146.0
winegum1994,1663.0
Shantanu2706,1518.0
Magicmaster17,2782.0
Schachnoob-Nachschub,2000.0
Mahb8,
milord11,2064.0
ChessInceptor,801.0
h1kk1,2553.0
Blindtrader,2109.0
lovebutt123,1500.0
sardonBR,2500.0
mterpstra,894.0
prozrevshiyd,1642.0
anand10m,562.0
dendymon,911.0
biradoor17,2149.0
Camelo01,1709.0
rajvikky,1125.0
Neutro30,2433.0
kenny_nsk,1371.0
dr_dre08,2713.0
Moggy1903,1043.0
AlexVerzhansky,2461.0
blizeur,2362.0
mikeywiebe,1425.0
HSV4everandever,2439.0
sos-shubham,2246.0
nekit2004,2375.0
Jmilie,1283.0
flyonill,1088.0
TrekkieGod,1500.0
DimonOff24,2285.0
BetterCollSoul,2837.0
Khaledcharf,1975.0
Judamaster,992.0
Jossbros,2449.0
zeytin57,1983.0
VladPyankov,1232.0
Korchnoi-RIP,1972.0
AshwinChunchu,2375.0
mzauber,1107.0
HammerschlagWins,1676.0
WinnerArtjom007,2187.0
yeyomateos,1941.0
njnewman,857.0
eteasers08,1800.0
BorsalinoChess,2603.0
ilirbeqa,1500.0
kiflaaa,2432.0
Stephb88,796.0
pantelif,1352.0
Pohjala,2444.0
Pedro_10_Esp,1178.0
Labinsk777,2070.0
Kanon1,2297.0
Aryanp_11,1584.0
MMMarioo,1254.0
mohashmawy,1441.0
Elsofany,1421.0
Kareem-111,1500.0
Ahmed-abdelsattar,2417.0
NebilSouissi,1982.0
Amalrajp83,1626.0
blindcrocodile,2627.0
C_T_A_C_R_M_6_A,1954.0
yousfbo,1861.0
reza-mirmanafi,1008.0
ahmad_sasi,1763.0
Bahiaqueijo,1935.0
GKyrey,2465.0
Lew68,1942.0
Unkown-User,1162.0
PEDROPALTA,2372.0
maldaj,2400.0
carlosaandres,1134.0
Andrey-Sazonov,1876.0
sp88ky,2542.0
Topho,1017.0
LhakpaLa,2337.0
badsigmaboy,1500.0
deadking77,1993.0
omer21,1457.0
PepeLePewGT,1917.0
zerdejarenba20062005,2206.0
Gabriel-2016,2176.0
wcarmona,1487.0
MaguHel,2105.0
tumteezy,2003.0
TheArcticCold,2551.0
massimomapelli,1497.0
M_Onee,2561.0
Diono5023,826.0
TheGreatGatsby2,1316.0
LaughingCoffins,1871.0
Creative68,2519.0
AsaThor,1371.0
Homamkaso,1247.0
Kaludjer1,1431.0
niebo1337,1521.0
QWERT0808,2438.0
JL86,2222.0
theworsteverplayer,1222.0
Damussi_Vem,2311.0
karlspaceoskar,1346.0
dansteptim,2452.0
brsa,1448.0
Chandorjose,2206.0
kingspawntwo,1828.0
Vaadhoo,1607.0
Singh1313,1655.0
Prof_Ferri,1334.0
Rasim1978,2489.0
PRMSportUp1,2085.0
Alexomran8,1006.0
chess_ced,1313.0
igotlini,2420.0
plectro,1911.0
rookenstein,1960.0
Raiden_ShogunC3,2624.0
Okan0612,1189.0
akniles,2211.0
lukawoo,1406.0
roosick,1160.0
Hekko66,1739.0
Road_to_back,2269.0
dpschreber,1408.0
Baenetse,1412.0
abesar,1058.0
PooravNahata,1375.0
Maklin1245,1664.0
YakovlevSergey,2470.0
Franconahuel2007,2068.0
crestuno,1364.0
drjohn45,982.0
Chessfann345,2428.0
AdharvaB,978.0
Aleks_Medve19,1070.0
Berserk-modee,2349.0
donelias_2,1500.0
AlexanderSkripnik,1203.0
alexandr_69,1439.0
Bismarkbhobhojani,2281.0
Ruslan_Cherkasov,1511.0
XJose,1452.0
quemaestro3,2452.0
Mauton1,1767.0
Abulfayzkhon,1238.0
eleven4y,1191.0
aryangupta11,899.0
hores86,1982.0
Michaeld1958,2389.0
Player121298,1823.0
vaski5,1676.0
A_TS,1423.0
der_katerr,1277.0
nilsbobban,1471.0
AnsoriJepara,2233.0
condorcanqui_63,2037.0
Sidletsky_Andrey,2195.0
StarlingsKE,1527.0
reighy,1356.0
Sergei1311,1500.0
mauriciolago,1051.0
Drunkenstyle36,2051.0
FaustiOro,2878.0
barres,1397.0
jimtoide,1979.0
CH-Subject029,2481.0
Pescaderocalvo,2577.0
Set22-tenorio,1563.0
Hmail3425,1802.0
surendra08,1822.0
rr19042003,2047.0
GeniusTNT,2352.0
Bkjhhh,1360.0
Muerteblanca5,2352.0
tobymaxl,1192.0
nagibator_Andrey,1323.0
JrbeDePalo,2239.0
qdlijy,1853.0
delapoutre,2499.0
HermeHermeHerme,1500.0
PileDarda,1483.0
savitariano,2370.0
Andyvasmagt,923.0
Sarg12,1002.0
Positionalplayer4,2383.0
aslan899,1441.0
vonyuchiy_nosok1234,1148.0
JPRangex,1015.0
Superpogs_17,2251.0
QuCompson2,1024.0
FoolMeOneTime,2479.0
luzovsky-56,2346.0
Piiiup,912.0
krokozhyk,1862.0
FFFIcher,1877.0
tribleg1,1012.0
Pawnstarkiller,1711.0
KINGMART,1444.0
gambitodrey,1907.0
Rdmuzuki,2061.0
shelomov4,2108.0
Darhon2,2340.0
kizboy15,1105.0
shelkbabe,881.0
tema76,932.0
mostafahelix,1454.0
KJSingh,1052.0
Taonty,1566.0
StevieJack,1205.0
Yon10,672.0
All4subhra,1357.0
BWilliams001,1502.0
ManuTal,2230.0
ReluctantCannibal,2841.0
bluefireball9,1817.0
Chess-Student75,1763.0
lindberg222,1535.0
Barry_Lindon,2565.0
zarasa03,974.0
Vesnino,1500.0
Asaphin,2136.0
Salahuddin-amir68,1709.0
EdwinStraver,2199.0
Bern_Azar,1240.0
denis_1218,2278.0
nzrskrpnk,1409.0
Hydra77,1357.0
ne_motvey,1352.0
Alex18654,901.0
GOMEZ2019,2367.0
X-Berg,2335.0
Andep123,2348.0
Capablanca86,2246.0
MelihTalha_Celik,568.0
Greg4235,1826.0
rednaskelA01,2501.0
GreenCorp,1488.0
Kalmi01,1448.0
KNaik_88,1195.0
sonomano,908.0
Peter_tu,1220.0
daumultamuie,2396.0
Duenenstrand,2024.0
Kalvi07,2422.0
rjd9116,1438.0
Unknown_9086,2377.0
Duubik,2336.0
msq7,2199.0
Jano83,2319.0
icasc,2160.0
inalcengiz,1290.0
Danilka313,1427.0
chess_follower,2685.0
Gustav83,1138.0
Kaiyote1,1433.0
Stallion28,2577.0
freak1000,2391.0
Chess_kombate,2014.0
HelpfulLion18,2100.0
felipemr84,1234.0
MaximCatzen,2367.0
brahim-20anis,1900.0
uwuSANAuwu,1812.0
Andrey11976,2721.0
alinawafiyauni,1304.0
Ditoo,1976.0
maha-1,1294.0
DoomT,1113.0
Bodoque55,2612.0
Now_Suffer,2627.0
KrishChai12,1352.0
Kivrokish,752.0
Loscuates,1977.0
iacobmuler,1437.0
loganiary,747.0
chess-noob86,1256.0
LCY_DollyParton,2437.0
MDI_Coder,622.0
aclaus,1973.0
Khaked1212,1312.0
slipperyguy,2488.0
Pedri09,1420.0
SiSiS,2298.0
denis-rucoba-tuanama,2289.0
yasnakh,1500.0
kingdrelpins,1486.0
Na_Osi,1294.0
Paulowian,1668.0
Neeleshm,900.0
L_3115,1272.0
trollinggames,1410.0
Vicius_Lantern,2100.0
Lonsdaleite_Chess,2485.0
Bwaterman57,1241.0
gerzhit,1430.0
Katranka,1029.0
thor22222,1725.0
ShauryaPandey30,1629.0
Ahmet-Tunahan,2264.0
hectoraxl,1812.0
YinchuanGuy1987,2033.0
paddeee81,1483.0
agrendallan,1701.0
Aleks1109,1345.0
KENEVAN-CATNORSAM,2036.0
rajveerchaddha,1133.0
IsraelCarvalho,1072.0
DavidChegeM,1430.0
Alex-31,2405.0
iluminao40,1053.0
Whalebrah,2372.0
JasonStrotman,2143.0
viaangangwani,709.0
hisham1993,948.0
EXCELADDIKT,2537.0
matti92192,2298.0
Fre4kDahKid,1689.0
phagogenetic,832.0
PyeKu,1209.0
serj2777,1005.0
Tschoschi88,1459.0
L2CH,2471.0
Olandx,2134.0
herrtusk,1536.0
yehya2828,1249.0
THEBENAYA,1995.0
JIANGHAOCHEN,2789.0
ghost_of_bobby,2330.0
Doctorstrange0707200,2064.0
Pankaj59,1451.0
JaydenGomes01,698.0
ZLesniak,1413.0
Bananaman16,1671.0
nisesabioz,2479.0
RizalCarlsen,1438.0
salva_cgu,1052.0
aruzd,1894.0
treeangular,1442.0
Arlo,1926.0
kb2025,1377.0
bishop1984,2555.0
came114,1437.0
Nibiruanspy,2140.0
classicoloco404,2453.0
Gamal_ahmed,1206.0
liltu2341,1465.0
DamianMR72,946.0
PinochioStoplik,1701.0
blundermaster_13,2307.0
AttackingBeast,2713.0
callthedog,1771.0
KamisatoAyakaa,2539.0
Amolipe,1378.0
FirasMtir,1282.0
maxidroom,1017.0
Yhoander92,2185.0
yornvaniersel,1950.0
marrrio,1459.0
FDSV,2003.0
temangsang,1476.0
Leninfusioneras,1034.0
Snipe_Strider,812.0
Carlos_doblado,2259.0
k_parvesh,1505.0
heidernchess123,1860.0
guido23,1397.0
Qualitychess4ever,2505.0
caio06,1346.0
stevegemmy,2136.0
Malvagio76,1161.0
Ethankevinjoy_1579,688.0
pichuante,1409.0
Holm-heuss,2051.0
kucingterbang123,2136.0
Sys87,695.0
scofieeeld,1446.0
Bakyt83kg,2244.0
eakalleklev,1533.0
ed_ku,2084.0
AnatoliuyFrolov,1089.0
Vlad180355,2133.0
srueben,1183.0
a3_on,1419.0
Stoichess,2538.0
lb1969,2262.0
Moritzr1,897.0
Hsjezhst,2531.0
morus22,2534.0
vittoryugi7,1898.0
Icedblaze,2088.0
ferran1223,1478.0
wolfgirl13,2451.0
topspin15,1861.0
erdemr3,977.0
OneAboveAll-Arceus,2114.0
Stanking,1355.0
lederman,2466.0
Strauss5,2307.0
LilyLionmane,2072.0
Chessisnotfair,
Derin007,1426.0
mottaelnaggar,1500.0
nicolasjuan135,727.0
WayCoolj,1448.0
gcas1194,985.0
Arthas_tsalb,2590.0
Alashan,2277.0
Kazimierz3377,1200.0
Bill-Anketell,929.0
Gostislav24,1738.0
julianmchess,2452.0
Ram_Kashyap,865.0
Thib88,1055.0
kzjh72,1378.0
Sielvagys,2100.0
um-v,1795.0
Eddy_Imaizumi,890.0
nxf66,1207.0
dadxx,1183.0
ramshet,1292.0
Sisentico,1040.0
omkar_p,1625.0
Stekir,2278.0
JAGANNATHKS123,990.0
LuisChess1122,1950.0
itulubela,1034.0
jherrma,983.0
szachmat12345,2167.0
Neev_123,1892.0
Mohamedkamali,1901.0
EGoor59,1575.0
RovesnikKZ,1556.0
aalirezaalireza091,1414.0
E4SattCHESS,1449.0
ChessJuanez,1454.0
misocat,1476.0
p4444p,1331.0
hamish1962,1976.0
tlumsy,1516.0
Maybach77,2396.0
onlychess45,2501.0
Nazemov,2134.0
lowslowstm,1500.0
TheThirdKing,1168.0
MassterofMayhem,2701.0
Dzorden,1235.0
LIVERPOOL2003,1516.0
CosmicPrateek,1165.0
francescofranchini,1058.0
artin_asgharzadeh,1182.0
FUJI25,2070.0
Samsanych,1871.0
ds_12345,1328.0
Misterlooser00,2143.0
mihir_ved,938.0
Noobbuthappy,1969.0
kobemagic,2415.0
alexeihoruzhenko,2406.0
HvChessGm,1204.0
Schlachowitsch,2006.0
DiLau,1484.0
SK15JGFD,1541.0
PrelepoJe3em,2201.0
Sajor_Ale,1811.0
thayspetacular,1730.0
Ramsok,1412.0
lebberton,1310.0
nyuvaraj_deeebca,1242.0
Mystman,2331.0
LLl_U_3_U_K,1178.0
sfd_222,
jungleemonkee,1912.0
mexeo,1319.0
greg24,2301.0
ElcomadAnte,1376.0
jazzyF,1882.0
DelborN,1116.0
katay666,2072.0
MKemalE,1326.0
Merti1989,1459.0
Hamza3335,574.0
yebdy,1521.0
RogueWarrior_777,1561.0
rilke,2471.0
A74797671ITALO,1513.0
andphi,884.0
superbommel,1204.0
Akash_Mandal2002,1188.0
Markpetro,1495.0
RaulHernandezRomero,2147.0
sang2020,1823.0
gambitojorgeniano,1689.0
ermak1948,1548.0
Cristianor,1498.0
Bot122,1019.0
batnahh,827.0
mux77,2498.0
Sascha73,2541.0
Frizzyghost,1242.0
YFlores,1051.0
Sankalpsuman007,1433.0
PillagingPirate,1412.0
santyaga1,2384.0
GidelsonFA,2315.0
stifmizer,1273.0
Vulizo,2012.0
Nasdaq100,2315.0
asari7,1407.0
mahmoudbkr,1339.0
rjaybee,1287.0
Rasulop,1314.0
EraserGodzilla,2732.0
Crazy-Chess1,1366.0
Mzuzu1,1028.0
Joosty09,1130.0
alsanchez,1421.0
osolorio,1831.0
theonlyoneshoo,2598.0
nudeasadelta,1741.0
Tonyforpresident,2694.0
KnightonQ,1980.0
markymeat,1424.0
Fijoquepierdes,1887.0
bobygnw,2230.0
gaby_mykitten,2097.0
evok1998,1133.0
Truus54,1424.0
KongCouOui,2632.0
mariovillalonc,1275.0
Boss000019,1377.0
madcap_tr,2528.0
muraterhan,838.0
coprimerchant,1500.0
alvarojbarros,1460.0
ulven90,871.0
Ubira1961,1424.0
shlokaeron,1443.0
mu_r_zik,1567.0
Msent,1455.0
VladimirSher,1818.0
Basar1923,1284.0
DmitriyBiryuk777,2540.0
Koroshpanaei,1531.0
Ded_61,2349.0
Rohanza_pauravi2018,892.0
Mbddmrdg,1500.0
Eliamirarman,1287.0
zz01bk,2144.0
JeanDesBois,1500.0
LittleScoutChessClub,2223.0
Karim_ael,1181.0
brown_jesus_np,1134.0
Sopel_kl,985.0
amstro,1883.0
joewelch,2266.0
khairinasir,2004.0
ricoboubou,1353.0
AKHILDEVIL,1034.0
Gurupendulo,2251.0
glupipetkovic,2200.0
Oscar_Cristancho,1020.0
JP-Kou,1166.0
vasanthcvl,1198.0
mbazz,1254.0
antytuskomor,2002.0
Specklinsen,1358.0
Ahmed12179,1388.0
Pavan_B,1247.0
Volgatch_kruche_vseh,2436.0
ALPHABETIC,1981.0
Avgarde,1416.0
Gnr777,1178.0
Toyzee,1654.0
cups96,1107.0
JG2001,2391.0
zahnfee192,1998.0
Bella2005,1593.0
Margocha8838,1424.0
nvald,1137.0
hsisj,1402.0
rembbis,1828.0
magnus_harooosh,1152.0
ronaldo090-06,747.0
Arif_Baku22,1304.0
Canardbleu10,1392.0
POJ100,1805.0
RecovGroyS,1934.0
Aab9,1894.0
Igrochishkaherov73,1032.0
FloresBuho,1462.0
Complexity_MR,1500.0
somzt,1861.0
alehin2021,2273.0
gcovn1,2023.0
Aheeeeed,1378.0
SchachTeng,969.0
mrapo9,694.0
bagbemadon,1202.0
Arash_kingg,2218.0
Parsons2,1190.0
Granis,1670.0
AntonioAntR,1152.0
Bru7aL,1804.0
Perkele007,
one_rookie,1555.0
ArdianJashari,2432.0
IgnatusX,1882.0
magomerlino2024,1838.0
PetrovChess,1913.0
Pavich,1454.0
Abhipadwal,1453.0
aaltuzarra,1240.0
warrior5191,2672.0
ferris78,2083.0
angryvegetable,1715.0
Zxxt677xczxx,1293.0
shs540306,793.0
Ivan_Kirpichyov,2204.0
kadarka666,921.0
Benbasat,2750.0
gersomen2791,2106.0
razdva345,954.0
Svenlo,2233.0
dag_gadol,1523.0
ZICK80,1909.0
Lucy_alke,1264.0
Samvel0904,2061.0
Nimrod66,2542.0
Fischerchips1,2225.0
panconcanela,2275.0
Marloutre,2013.0
HerBoris,2192.0
Turaputo,2369.0
Yevgeniy_Bunkov,1427.0
hcklev,1401.0
alik_66,1038.0
samfra716,986.0
betojunior,1275.0
tbpfc,1458.0
R0b_b3ry,1500.0
hassan_abdelrazek,1241.0
telikopter,2110.0
eksi273,642.0
MrPanci,1364.0
Benohnei,2088.0
vandebastian,597.0
LomakinaGV,2023.0
AlfredDebus,2190.0
ayeng112131,2341.0
abedrteezy,2621.0
Seva_Fufurin2015,833.0
juandedios55,2096.0
ARTEM_1505,1071.0
leviatanmagic,2273.0
bmanbrisky,1229.0
inaira_jain,422.0
Doughan,943.0
BoredInTheField,1881.0
H34VYD,1767.0
jgshep94,1111.0
thewknd,2201.0
erikc1313,1409.0
blackhorse2,1465.0
Ildar-gil,1938.0
NewPixel2021,2252.0
Suleyman_Chess06,2594.0
amirkabir5,2577.0
K07070707,1500.0
Igor10816,1986.0
U1CBC,2404.0
Mat-Chucho,956.0
TimeToSmile,2594.0
Chibi_moon,860.0
Hobby_Entertainment,2503.0
sardul,1994.0
Joao_Brito,1176.0
Ptedu,1352.0
xlyas,1897.0
Blitzer14,2244.0
Springer95,1884.0
immelmann,1950.0
Minasilver925,1359.0
learnn,1060.0
limexxx3,1415.0
SwisschessJoel,1446.0
blorppppp,2203.0
tiwarichesscr,1095.0
fohaal,622.0
Catimaru,1043.0
waseemanwar,975.0
ClassPlayer04,2644.0
Mqrott,1112.0
timo1196,1416.0
Arrakhis,2295.0
nimzoindian16,2069.0
Dima201509,1500.0
f_0x69420,2154.0
BlndrKng,1848.0
amladenovic1985,980.0
Ignite-1st,1912.0
DragonWizard01,2399.0
colorado7683,599.0
raymondo101,1386.0
Grundtvig,2341.0
zekarz,1489.0
naserabdullah,1398.0
fyrtion,1806.0
yann7642,1193.0
Koninaleks,1942.0
MaksSolopov2014,1540.0
Langobarden,956.0
Dgarcia-RT,1974.0
nicostadio,1365.0
HelloItsDmitri,2693.0
NilsLH,2208.0
AnderFeron,1942.0
onchainchess,1122.0
Phenixblanc,794.0
Saturn_1119,1010.0
sergiosf97,
Amin7th,1393.0
mohamad_reza1391,1532.0
midress85,1382.0
Mr_Grey,2496.0
TabbaWins,1258.0
Hamlaod,1310.0
Bernigradas,1401.0
ndlovukali,1389.0
Maksimka726,1455.0
ROBERT2930,1273.0
frelsara,2633.0
Corleonesdefence,1645.0
PerroTropical,1420.0
Foreign-Legionnaire,2264.0
salahdine1,1081.0
NowArcher,2402.0
stockfish1064POPCNT,2287.0
mezmerrett,1117.0
gustamo,2618.0
pp101,1630.0
peppe84CT,1215.0
LOTRNG,2382.0
Ivo12345,1528.0
siegfreed,1312.0
giftpilze,1346.0
Robert124,1369.0
draw_N,2427.0
AvivEise,1262.0
djedaichik,1584.0
Wilson69,1285.0
IVT_1_Zholamanov,2201.0
PavelChamp,1011.0
montescarpia,1071.0
Alex_Boss03,1213.0
Center_Side,2456.0
ManishVadehra,1139.0
Xemaros,2159.0
mikehammerhill,1415.0
BJJ_Nordic_champion,2411.0
ashray2412,1473.0
JelenaZ,2597.0
Famer_Joe,1124.0
limohgs,1332.0
Tanne,1992.0
VquatTr,840.0
salimak56,1085.0
Narkoman_molodoi,2337.0
artyric,1500.0
heribertoavelino,1126.0
wylymayor23,1424.0
Herzog2012,2576.0
foadhammoudeh123,2268.0
Aryaman_Kureel,1492.0
enrique-tapia_103,1381.0
CemHuseyin,1150.0
mindaugasra,1384.0
abosami93,1306.0
timarsan,1806.0
luizitosanches,1697.0
BurntBread,2326.0
Trochanter,2298.0
Acemi007,1873.0
Bekir_Dorga3,1271.0
Baskota77,1112.0
linoarteaga,2272.0
Lelich,1972.0
cosmic_sunrise,1588.0
Matt_Ed,1733.0
Benitoff,979.0
Obarrerac,1877.0
Bolot80,1436.0
boefje,2029.0
Advaitunde,667.0
TCTA,1823.0
redtom,2490.0
shoaziz,1362.0
Agron,1934.0
stanklv,1125.0
emiliennnnn,1500.0
DrK1500-800,2366.0
Ignotus51,1344.0
DarkAlekhine,2723.0
Mmp46,1493.0
Alexhor76,1936.0
para3241,1500.0
justantan,2798.0
Miles_Teg_72,1518.0
DeepBlue44,2352.0
KaiSolter,1710.0
ottila2,1439.0
renuka8451,1968.0
Canopus1324,1677.0
Shahoviy_Komentator,2403.0
Pranava2024,2320.0
mbaket998,1462.0
kirman07,1016.0
King_Nilesh,2199.0
mereyyy,2173.0
suatduzyol,1934.0
zagortenay,2338.0
Modar9,1958.0
variksolovo,1270.0
Yiyi1984,2679.0
Narrenschwamm,1455.0
rawsharka,1614.0
Poled337h,1313.0
Mathperson64,2485.0
santa_144,2201.0
Save82,1839.0
schock_scacchistico,2355.0
Newcomer2023,1327.0
edd1987,1411.0
alexdurnoff,2342.0
Hasankapa,2208.0
mikelowonderful,1214.0
Ronniemiz1,1406.0
omartchi,1349.0
reckless_bravery,1701.0
lordtrain,1852.0
rsv287,2328.0
Zgm-GiantKiller,2353.0
Lerno1957,2355.0
WildWizard,1145.0
Ayusya,1261.0
eazymentain,1446.0
IPlayChessLike16Bit,1190.0
Adrenalineni,1317.0
drcbturtle,2236.0
hoto18,1429.0
rjguitar,2195.0
atcheck,1989.0
j3wd,1330.0
VanGross,2452.0
fer130596,1364.0
VitalJam,1452.0
prshu,1108.0
Kasakud_Matadibe,1694.0
Erap21,2291.0
Serik92Ospan,953.0
Gigante64,2003.0
eluminate,1347.0
steffkue2,1389.0
JevgeniG,2213.0
Surucu80,1578.0
Kusudaaina030,2427.0
eylooo16,668.0
PawnEatingZombie,2273.0
WiloEbara,1304.0
VFOREST,2121.0
winx_m,2922.0
mertcanbulut,1221.0
Arturasda,2001.0
FAPC1986,2600.0
just4funwhenborred,1032.0
atila001,1003.0
archi333,1157.0
Clubolim,2321.0
jtrave7,2333.0
kinghandan,1769.0
Ulbashev,1920.0
JF_Chess_NL,1333.0
Brillant_Sacriffice,2458.0
exeka,1145.0
ozencaganege,1260.0
ttoorr,2153.0
brunoco,1609.0
VictorHuenchul1,1609.0
Luis_Caruana,1652.0
D-k-kl,1806.0
Captain_Platypus,1402.0
Minocentauro,1569.0
PovorovA,945.0
MATER66,1288.0
Hossein_a-1402,1746.0
ben924,1714.0
chilster,1586.0
OpeningExplorerJoe,1756.0
aristo64,1503.0
ans2004,1680.0
Tih_2024,1526.0
zeittotschlaeger,1554.0
RMSLTC,1315.0
tinnulion,1560.0
machubby,1558.0
gato33,2036.0
Youri_123,1728.0
Pro555_P_51-9,1541.0
ennuidumb,1616.0
clockwise6,1650.0
abdallah-enan,1540.0
Port389,1459.0
soulculer,1570.0
AVAEF,1566.0
kyawswar2000,1881.0
jorgedotru,1515.0
Gott_ist_tot84,1548.0
Rozti,1549.0
nikonew,1527.0
fatema33333333,1490.0
Thorupewe,1517.0
dharmendraghimire,1605.0
KallaDiplom,1555.0
ali_13500510,1476.0
feelout,1477.0
kristi333,1569.0
time00,1781.0
EcanSecgin,1422.0
cilindrel,1500.0
Petiber,1517.0
quatschmal,1446.0
FreshFrozenMikel,1602.0
Ahiless13,1666.0
VishnuMaru87,1561.0
rududu1953,1381.0
Pavel_Yakushev,1630.0
step2002,1586.0
karwank,1562.0
NgedeOne,1496.0
Wiktorbelka,1725.0
ste89,1466.0
Paullulo,1568.0
Gasqua,1519.0
fuller5057,1489.0
danil1248,1537.0
papyboy,1776.0
Antwrep3,1524.0
DnaisDk,1530.0
mutovkinsergej52,1500.0
berkuygn,1638.0
Desconhecido,1911.0
Jucemequi2019,1448.0
nnick77,1496.0
gertkn,1500.0
Bob-saint-clar,1542.0
abhi994,1578.0
x_dfcs,1613.0
wrz980,1150.0
Jindollar,1526.0
austrolopiteco,1589.0
zarbr2,1391.0
kemboirodgers01,1286.0
eaglehead1,1783.0
nguyendknguyen,1850.0
CHESSMOOO,1578.0
shotayevs,1593.0
JBryll,1534.0
Bolat130160_z,1500.0
Guanvanzy,1429.0
eamon999,1626.0
Jea13car,1599.0
Olga-1966,1615.0
Lubohuso,1500.0
Mge1006,1854.0
Abdullah90909090,1733.0
reinschach,1527.0
DevinRaiPrajwal,1659.0
Kirli21,1536.0
VladimirKo1952,1817.0
Qiami,1591.0
jcalazans,1601.0
Franpuba,1572.0
zhadowsnper,1549.0
Picardie,1500.0
ChessMaster-Samuel,1571.0
tinnet,1508.0
alindra27,1491.0
Nonarov,1446.0
CaramelloK,1729.0
Aleksandr121258,1640.0
Big-Geppy,1608.0
Guardfocus,1565.0
AgusTian_Benper,1693.0
Anguzek,1501.0
Ivannikolakov,1472.0
Aidrus1234xxxx,1546.0
Parzivallla54,1711.0
Matyz,1576.0
maltewolle,1635.0
djman31,1486.0
HeuryRecoba,1520.0
spakin-30,1574.0
mbonett23,1612.0
Alexsandr-63,1617.0
park1bark,1565.0
JMI33,1493.0
luisalfonsomoreno,1773.0
cw06,1607.0
Misha_spb,1593.0
blukor,1825.0
Anna_M25,1594.0
Sualk78,1568.0
MarcoA67Vlc,1608.0
strahisherevol2,1555.0
AMadden,1577.0
ZUGZWANGMAT,1570.0
CA73,1776.0
biswaspradip,1546.0
Bogdiauzer,1826.0
saidkiller2009,1559.0
goldy_pama,1665.0
Djalal23461,1608.0
closty666,1664.0
Maxfisch,1553.0
Wadim_Ashikhimin,1518.0
nikonikoss,1553.0
Papa_cyrille,1512.0
AndreVilas07,1511.0
TeeDee11,1464.0
Javierorlandoblanco,1439.0
rafalanz,1387.0
Nabi30,1567.0
tvvenkat,1666.0
low_rate,1600.0
Gerryriri,1525.0
evilmushroom,1669.0
sayan108,1602.0
optionsman,1500.0
Riviera13,1470.0
jambert,1608.0
Vasylvasyl53,1556.0
octohima,1760.0
nelsonvidal,1500.0
rezababaee1320,1624.0
mohnedzainsudan,1602.0
Je_heru,1517.0
FritzCucu,1424.0
ArniZappa,1565.0
Zahid4you,1382.0
mafekry,1594.0
saqib980,1453.0
Sergei_Mishanin,1299.0
Filoanalitico,1507.0
hokasem,1540.0
eddi1996,1579.0
Markgamer015,1809.0
Franklin719,1588.0
shawnjoy0010,1800.0
OGanso,1573.0
HaykHov1994,1627.0
Mahmoud_Abd_El_Baset,1299.0
TeddyBall,1650.0
elsen585,1783.0
guidozli,1584.0
Czaki78,1582.0
SarbazGhasr,1887.0
Weizenic,1317.0
Hellaseseme,1458.0
Mahan9,1615.0
Rehim_Balashov,1591.0
OPUNGJBSatu,1845.0
Asadali2324,1561.0
goga88,1730.0
Jokosemarang,1752.0
Desotos,1500.0
Jadlarsen,1707.0
Solaris2,1316.0
TexasToast,1297.0
zucazzu,1588.0
NIK_36,1589.0
adformtheory,1460.0
alpmanbikolb,1585.0
DarkWARvs,1493.0
ALEX2031,1604.0
AJEDREZ_CHIVERT,1534.0
Marcel_C,1590.0
jclahitte,1547.0
pashunea2508,1616.0
rotflol99,1503.0
Fabianrms,1698.0
Stobewu,1562.0
F_V,1439.0
HamasTribe,1492.0
Helio-colfran,1610.0
GosmanAli,1675.0
leonry,1562.0
Xtranu,1377.0
Aishichem,1554.0
ImbrigliaF,1328.0
Ace_Indo,2060.0
zivat,1547.0
Einstein130,1695.0
Pedritoeldrito17,1501.0
isbasaran,1693.0
Leeroymarume,1474.0
kratos42,1592.0
Paul-TB-64,1425.0
NACC_1605,1338.0
Fredsch,1591.0
RelloPeco,1580.0
schiumatto,1506.0
drhausner,1541.0
eliboston,1500.0
conpi,1500.0
Raulcapablanca77,1623.0
sammybeliz,1623.0
soalove,1170.0
Mafalda_1808,1651.0
suneetkumarsonkar,1403.0
Ggradisa,1540.0
Shapisftw,1614.0
alphamike_64,1815.0
budi_ccn,1798.0
danilafz,1726.0
Mortaza61,1452.0
hrsgodfather,1574.0
goldshep,1605.0
fiqche55,1749.0
Gutoh-7,1604.0
Sabdelazim,1464.0
mknyc,1538.0
Jaegermeister1,1589.0
FibQuant,1583.0
jesusmgonzalez1982,1241.0
huispei,1495.0
vladimir_5,1567.0
mylesfrmbklyn,1624.0
raleighhart,1909.0
SergStone,1578.0
Kazem1967,1509.0
Harlow0,1477.0
Giquitaia,1675.0
Leki10,1522.0
bula101221,1551.0
mielenliikuttelija,1508.0
Jaraca,1451.0
trik1,1570.0
Kursandbek,1500.0
maugli_nn1,1306.0
alexanderschevtzov,1669.0
Bantiali,1612.0
yastrebov88,1521.0
Grenoble280,1087.0
Jacobsen2014,1798.0
VahiddSydd,1658.0
Piyushjaindp,1572.0
MatteSte,1578.0
SFnZA7,1437.0
gustavoirusta,1625.0
Mikal-BR,1655.0
Teren554,1545.0
Chicharito9,1609.0
leo525,1614.0
davit-87,1514.0
wenmanong,1563.0
Drmenten_1205,1572.0
loshka_varenya,1479.0
americanchess1,1584.0
VILLENEUVA,1476.0
superchango99,1623.0
PessoaZ,1544.0
RamRamSaaaa,1670.0
sivapl,1400.0
Prince69,1562.0
cusoch,1545.0
Merve1761,1387.0
Vishalsingh_221B,1600.0
lutch,1396.0
handsomevicz,1595.0
Cocodomi63,1517.0
Mantonio1976,1506.0
tiagofs09,1574.0
Just_Anything,1467.0
Anilkumar217,1567.0
Niebel,1606.0
bernardohg,1711.0
HosseinBakhshi,1524.0
ollizinho,1546.0
RaoufMatri,1604.0
istok17777,1632.0
Zohre2,1548.0
castirrioja,1575.0
Miras4375,1462.0
otyola,1762.0
Pigeon2009,1754.0
atendi10,1474.0
E3ssamX,1529.0
xwademi,1569.0
FlyingRider,1550.0
doe_boi2k,1379.0
Fritznull,1575.0
occhiostanco,1535.0
BZ1997,1377.0
rsleon31,1593.0
ParasMehta,1381.0
NaijaCheckMate,1463.0
ricardionx,1629.0
Bakhytbek,1474.0
krivbass1973,1548.0
deltoides2,1635.0
ALEMINGARDINO,1616.0
perezron,1500.0
Avishekh159,1574.0
pankajshahi,1519.0
J_Rod,1516.0
Naavarasu,1556.0
Akbar3333,1585.0
ranjun,1503.0
BriglM,1556.0
q2Q3q4Q,1665.0
fabrizioxl,1524.0
SirAlexTheLion,1601.0
andiluck,1567.0
C1_own,2249.0
Abhijith1839,1524.0
anarcha78,1535.0
SURISINGH,1673.0
wenfa,1520.0
Vorobev33,1555.0
dexibuprofen,1835.0
YoniTate,1529.0
Volkenator,1566.0
iKamo54,1528.0
Entrafurando,1542.0
iAmMarkW,1442.0
akash1395,1517.0
IGI68,1518.0
joe900,1526.0
gbniha,1635.0
PMw91,1576.0
ferK3,1503.0
Doublemove,1533.0
edmund78,1259.0
rohikyle,1544.0
Alexsandr45,1626.0
Marcello_Be,1582.0
Damonstrator63,1541.0
payastep135,1615.0
CesarAqSa,1571.0
hosseinabbasi48,1612.0
mutations,1686.0
Rasul_79,1571.0
Gangsterrap,1605.0
MIkhail41,1586.0
rezzaahs,1613.0
Chupin123,1530.0
sah_13,1604.0
LetuchiyKorabl,1609.0
JoshDeux,1513.0
Anton_Vavilov,1556.0
Arthur_Rudolph,1577.0
kralj1,1599.0
Blancachess,1573.0
DRALY,1551.0
aalperen,1604.0
SeanGallagher,1616.0
stipe1980,1558.0
Kaspar0ck,1653.0
ca3pat,1819.0
SiOtoy,1573.0
pattymac,1575.0
waleed1233,1508.0
bekindxoxo,1500.0
Alpitooo,1671.0
pynyckl,1598.0
MyLoNiTe,1627.0
Placekk1,1663.0
neerajbhasi,1587.0
SANJEEVSMKJH,1481.0
kOKRA,1544.0
Ray_kwon,1569.0
fadi45207,1448.0
wizmo2,1552.0
eric2612,1497.0
yenerim3455,1574.0
Jz36,1591.0
Nurhudah1989,1429.0
andy-bulat,1557.0
alejandrodvico,1774.0
Johku186,1542.0
hatem_zex,1641.0
Sivaprasad-R,1724.0
Bhavesh_Kumar,1542.0
antonio72,1559.0
rahimm66,1691.0
Kooya33,1571.0
Rustikus,1545.0
cvetcvetit,1553.0
Pepe1992v2,1461.0
rixidoy,1277.0
Danny_White,1587.0
Thanhdat_11,1605.0
Sandroez,1491.0
jimmythesaint,1589.0
DmitryKochmar,1634.0
muhammed_ahmed_r,1241.0
thabisomagetse11,1597.0
salem70nory,1580.0
kronoszeus,1581.0
kerim4263,1440.0
Timarkes,1478.0
tel0s,1559.0
Nikunjchhatbar,1532.0
ripas,1183.0
mithat020202,1606.0
vingadium_leviosa,1543.0
Mac_Mac,1588.0
DorukMERT,1049.0
ziofil,1519.0
orestecampestre,1436.0
ahmddhp,1559.0
ebrahd,1455.0
Dr_Romero,1578.0
faresfares1,1495.0
mikemx70,1586.0
augarten,1549.0
Seba78,1540.0
AndTheGodsMadeLove,1555.0
Rxndg,1658.0
vincentrodriges,1544.0
Sorry_IwillBeatYou,1314.0
FerrariSF90Stradale,1558.0
Dihur,1567.0
hedinger,1577.0
yyspetsnaz,1746.0
DG_Dolan,1444.0
salim03,1478.0
Sebastiandf84,1574.0
starovicm,1493.0
Rudolf_Pfuelb,1560.0
handrei17,1694.0
Hardwer,1615.0
pppouo_73,1745.0
tyrust,1553.0
MoverxMover,2078.0
EyeGazing,1866.0
helpaw,1904.0
waleedbeherychess,1452.0
pecosbill,1600.0
Gonzokles,1602.0
MON969,1554.0
m3l3nd3z,1429.0
mahmood3401,1746.0
youpielove,1618.0
Chessingmytime,1369.0
Abdo997,1368.0
hrn63,1570.0
mamegner,1494.0
Gustavo2344,1424.0
MajklNight,1468.0
Ufuk0855,1483.0
mikobey,1490.0
Maikl1999,1566.0
Tedjam,1551.0
ramlalkorba1,1494.0
NskRonin,1505.0
reschvesurin,1528.0
gustavoogido,1602.0
Thabo_Sithole,1569.0
Mauricitobarrerito,1614.0
Tal-moh,1542.0
chorab,1807.0
Wehlau,1542.0
Hmidan83,1583.0
GoldR,1543.0
bchess8,1520.0
tomiokachess,1500.0
marcoaldi,1591.0
Taras1971,1638.0
mim19,1560.0
jb62fany,1571.0
Paraskevov,1599.0
Gen1982,1569.0
fleckes,1559.0
waxxaptah,1925.0
mustafamaksuti,1530.0
Pleshko89,1745.0
roka05,1663.0
Maayouf,1624.0
Vincent_Carly,1492.0
dnishkal,1577.0
Raviudma,1389.0
aabakanov,1444.0
VRPRRR,1448.0
M_Serif,1603.0
Redlikeblue,1623.0
HriddyHridhaan,1232.0
Qayoumyari,1474.0
dirtyrottenpig,1695.0
Andronov1312,1529.0
GermanLopeDeVega,1563.0
Bogdan94,1471.0
SquirtyBirdie,1631.0
heziladel,1636.0
Macondo2024,1500.0
enrikepeshov,1632.0
Vit_Sam_07,1548.0
Pitito87,1524.0
papa76p,1500.0
s1z3n,1608.0
Musab39,1583.0
Pat_Mac,1561.0
raviteja_2000,1605.0
NotAlf,1656.0
RicardoCardenasGodoy,1556.0
kremen-al,2061.0
Trop83,1521.0
korayabdullah,1278.0
DARSHan1403,1547.0
shyamveer,1579.0
Jeba77,1500.0
